省份,城市,城市分级,区/县,商业项目
四川,成都,新一线,高新区,环球中心
四川,成都,新一线,锦江区,成都锦华万达
四川,成都,新一线,锦江区,成都群光百货
四川,成都,新一线,锦江区,成都春熙王府井
四川,成都,新一线,天府新区,和悦广场
四川,成都,新一线,龙泉驿区,世茂广场
四川,成都,新一线,金牛区,龙湖西宸天街
四川,成都,新一线,金牛区,成都金牛万达
四川,成都,新一线,郫都区,郫县蜀都万达广场
四川,成都,新一线,金牛区,龙湖上城天街
四川,成都,新一线,天府新区,天府大悦城
四川,成都,新一线,武侯区,成都双楠伊藤
四川,成都,新一线,金牛区,成都龙湖北城天街
广东,深圳,一线,光明区,深圳光明大仟里
广东,深圳,一线,福田区,深圳中洲湾C future city
广东,深圳,一线,南山区,深圳来福士广场
广东,深圳,一线,宝安区,深圳宝安大悦城
广东,深圳,一线,罗湖区,深圳罗湖天河城
广东,深圳,一线,罗湖区,罗湖益田假日
广东,深圳,一线,龙华区,观澜湖新城MH MALL
广东,深圳,一线,龙华区,大源商业中心（后浪新天地）
广东,深圳,一线,坪山区,坪山益田假日世界
广东,深圳,一线,福田区,深圳茂业天地
广东,深圳,一线,福田区,深圳KK ONE
广东,深圳,一线,福田区,世纪汇购物中心
河南,郑州,新一线,金水区,IN城广场
河南,郑州,新一线,金水区,人民路丹尼斯
河南,郑州,新一线,中原区,郑州中原万达广场
河南,郑州,新一线,中原区,郑州探十里
河南,洛阳,二线,西工区,丹尼斯大卫天地
河南,洛阳,二线,西工区,万达广场(西工店)
河南,洛阳,二线,涧西区,万达广场(涧西店)
山东,青岛,新一线,市北区,悦荟
山东,青岛,新一线,市北区,台东利群商厦
山东,青岛,新一线,市北区,延吉路万达广场
山东,青岛,新一线,黄岛区,嘉年华海信广场
山东,青岛,新一线,黄岛区,黄岛永旺梦乐城
山东,济南,二线,高新区,济南高新万达
山东,济南,二线,槐荫区,济南和谐广场
山东,临沂,二线,兰山区,临沂泰盛广场
山东,潍坊,二线,奎文区,潍坊泰华城
山东,潍坊,二线,奎文区,潍坊谷德广场
山东,潍坊,二线,奎文区,中百大厦
山东,烟台,二线,芝罘区,万达广场芝罘店
山东,烟台,二线,福山区,振华购物中心
福建,福州,二线,台江区,万象九宜城
福建,福州,二线,仓山区,榕城·江上图
福建,福州,二线,仓山区,爱琴海购物中心
福建,泉州,二线,台江区,宝龙城市广场
福建,泉州,二线,丰泽区,东海泰禾广场
福建,泉州,二线,鲤城区,新天城市广场
福建,泉州,二线,晋江,晋江万达广场
福建,泉州,二线,晋江,晋江宝龙城市广场
福建,泉州,二线,晋江,新城吾悦广场
福建,泉州,二线,晋江,百捷上悦城
福建,泉州,二线,石狮,石狮泰禾广场
福建,泉州,二线,南安,南安中骏世界城
福建,厦门,二线,湖里区,南益广场
福建,厦门,二线,湖里区,建发湾悦城
福建,厦门,二线,思明区,磐基中心
福建,厦门,二线,湖里区,万达广场(厦门湖里店)
广东,广州,一线,增城区,新塘万达广场
广东,广州,一线,增城区,合生汇
广东,广州,一线,增城区,永旺梦乐城
广东,广州,一线,番禺区,番禺万达
广东,广州,一线,越秀区,星寰国际
广东,广州,一线,越秀区,北京路天河城
广东,广州,一线,越秀区,保利时光里
广东,广州,一线,天河区,IFC国金天地
广东,广州,一线,天河区,广粤天地
广东,广州,一线,南沙区,万达广场(广州南沙店)
广东,广州,一线,南沙区,中国铁建南沙环宇城
广东,广州,一线,番禺区,雄峰购物广场
广东,广州,一线,番禺区,万达广场(广州南店)
广东,广州,一线,花都区,广州融创茂
广东,广州,一线,海珠区,万达广场(广州海珠店)
广东,广州,一线,番禺区,番禺天河城
广东,广州,一线,从化区,从化万达广场
广东,广州,一线,白云区,华润·百信广场(西区)
广东,广州,一线,白云区,白云万达广场
广东,广州,一线,白云区,凯德广场云尚
广西,南宁,二线,西乡塘区,南宁安吉万达广场
广西,南宁,二线,西乡塘区,南宁大学东路万达广场
贵州,贵阳,二线,青秀区,会展航洋城
贵州,贵阳,二线,云岩区,益田假日
贵州,贵阳,二线,观山湖区,观山湖万达
云南,昆明,二线,观山湖区,世纪金源
云南,昆明,二线,五华区,五华吾悦广场
云南,昆明,二线,西山区,昆明西山万达广场
云南,昆明,二线,官渡区,海乐世界
云南,昆明,二线,官渡区,七彩云南第壹城
云南,昆明,二线,官渡区,世纪金源购物中心
云南,昆明,新一线,盘龙区,瑞鼎城悦容汇
重庆,重庆,新一线,渝北区,瑞晶城市谷汇
重庆,重庆,新一线,渝中区,重庆国泰优活城市广场
重庆,重庆,新一线,渝中区,金鹰财富中心
重庆,重庆,新一线,江北区,龙湖重庆源著天街
重庆,重庆,新一线,渝北区,龙湖重庆公园天街
重庆,重庆,新一线,渝北区,重庆金开爱琴海购物中心
重庆,重庆,新一线,巴南区,万达广场(巴南店)
重庆,重庆,新一线,綦江区,万达广场
西藏,拉萨,省会,城关区,王府井百货
西藏,拉萨,省会,堆龙德庆区,万达广场
江西,南昌,二线,红谷滩新区,王府井百货
江西,南昌,二线,东湖区,中山路百盛(A\B馆)
江西,南昌,二线,红谷滩新区,铜锣湾
江西,南昌,二线,红谷滩新区,万象天地
江西,南昌,二线,西湖区,南昌大悦城
上海,上海,一线,虹口区,太阳宫
上海,上海,一线,奉贤区,奉贤龙湖
上海,上海,一线,黄浦区,K11
上海,上海,一线,闵行区,百联南方购物中心
上海,上海,一线,长宁区,尚嘉中心
上海,上海,一线,黄浦区,世茂广场
上海,上海,一线,黄浦区,恒基名人购物广场
上海,上海,一线,黄浦区,大上海时代广场
上海,上海,一线,黄浦区,打浦桥日月光
上海,上海,一线,静安区,静安大悦城
上海,上海,一线,普陀区,百联中环购物广场
上海,上海,一线,浦东新区,世博天地
上海,上海,一线,浦东新区,晶耀前滩Crystal Plaza
上海,上海,一线,闵行区,龙湖上海虹桥天街
上海,上海,一线,杨浦区,百联又一城购物中心
上海,上海,一线,松江区,九亭金地广场
上海,上海,一线,徐汇区,GATE M 西岸梦中心
上海,上海,一线,静安区,上海苏河湾万象城
上海,上海,一线,黄浦区,新世界城
上海,上海,一线,黄浦区,宏伊国际广场(南京东路店)
上海,上海,一线,浦东新区,上海复地活力城
浙江,杭州,新一线,浦东新区,龙阳广场
湖北,武汉,新一线,拱墅区,嘉里中心
湖北,武汉,新一线,武昌区,凯德1818
湖北,武汉,新一线,硚口区,武汉K11 购物艺术中心
湖北,武汉,新一线,江夏区,永旺梦乐城(武汉江夏店)
湖北,武汉,新一线,江岸区,永旺梦乐城(武汉金桥店)
湖南,长沙,新一线,岳麓区,长沙岳麓沙路招商花园城
湖南,长沙,新一线,天心区,国金街
湖南,长沙,新一线,长沙县,长沙星沙万象汇
湖南,长沙,新一线,长沙县,永旺梦乐城(星沙店)
浙江,宁波,新一线,雨花区,德思勤城市广场
浙江,温州,二线,鄞州区,龙湖宁波鄞州天街
浙江,温州,二线,龙湾区,万达广场(温州龙湾店)
浙江,台州,二线,龙湾区,吾悦广场(温州店)
广东,东莞,新一线,椒江区,青悦城
广东,佛山,新一线,虎门区,东莞虎门万达广场
海南,海口,省会,南海区,佛山金铂天地
广东,惠州,二线,美兰区,海口新城吾悦广场
广东,珠海,二线,惠城区,惠州港惠购物中心
广东,珠海,二线,斗门区,珠海斗门世荣万达广场
新疆,乌鲁木齐,省会,香洲区,珠海十字门华发商都
江苏,南京,新一线,栖霞区,经开万达
江苏,南京,新一线,鼓楼区,东方福来德
江苏,南京,新一线,玄武区,南京艾尚天地
江苏,南京,新一线,建邺区,建邺万达广场
江苏,南京,新一线,江宁区,龙湾天街
江苏,南京,新一线,栖霞区,仙林万达茂
江苏,南京,新一线,秦淮区,水游城
江苏,南京,新一线,玄武区,玄武招商花园城
江苏,南京,新一线,鼓楼区,南京华贸中心
江苏,南京,新一线,秦淮区,金陵中环JLC
江苏,苏州,新一线,昆山,昆山万达广场
江苏,苏州,新一线,姑苏区,韩国购物城
江苏,苏州,新一线,姑苏区,苏州石路天虹CC Mall
江苏,苏州,新一线,虎丘区,苏州星狮荟
江苏,无锡,二线,梁溪区,无锡茂业百货清扬店
江苏,无锡,二线,梁溪区,无锡八佰伴中心店
江苏,无锡,二线,滨湖区,无锡运河购物中心
江苏,常州,二线,天宁区,泰富百货
江苏,常州,二线,天宁区,常州购物中心
江苏,常州,二线,天宁区,八佰伴
安徽,合肥,二线,蜀山区,永旺梦乐城
安徽,合肥,二线,鼓楼区,宝龙广场
安徽,合肥,二线,云龙区,云龙万达
安徽,合肥,二线,庐阳区,苏宁广场
安徽,合肥,二线,蜀山区,之心城
安徽,合肥,二线,包河区,合肥万象汇(滨湖店)
安徽,合肥,二线,蜀山区,天鹅湖万达
安徽,合肥,二线,庐阳区,万科广场
安徽,合肥,二线,蜀山区,正大广场
安徽,合肥,新一线,包河区,合肥悦方ID mall
甘肃,兰州,省会,蜀山区,安宁吾悦
甘肃,兰州,省会,安宁区,兰州安宁吾悦
甘肃,兰州,省会,城关区,兰州城关万达
青海,西宁,省会,城西区,兰州罗宁吾悦
青海,西宁,省会,城西区,兰州城关万达
青海,西宁,省会,城西区,西宁海湖万达
青海,西宁,省会,城中区,西宁王府井百货中心
宁夏,银川,省会,金凤区,银川金凤万达
宁夏,银川,省会,西夏区,银川西夏万达
陕西,西安,新一线,雁塔区,MOMOPARK艺术购物中心
陕西,西安,新一线,雁塔区,高新万达广场
陕西,西安,新一线,灞桥区,华阳城
陕西,西安,新一线,未央区,西咸吾悦广场
陕西,西安,新一线,未央区,三桥西咸万象城
陕西,西安,新一线,莲湖区,西城购物中心
山西,太原,二线,万柏林区,太原万象城
山西,太原,二线,小店区,北美新天地
河北,石家庄,二线,长安区,长安万达广场
河北,保定,二线,竞秀区,保百购物广场
河北,保定,二线,莲池区,保定未来石万达广场
黑龙江,哈尔滨,二线,道里区,哈尔滨中央大街金安国际
黑龙江,哈尔滨,二线,南岗区,哈尔滨哈西万达
黑龙江,哈尔滨,二线,松北区,哈尔滨融创茂
黑龙江,哈尔滨,二线,道里区,哈尔滨群力远大
辽宁,沈阳,二线,大东区,沈阳京东MALL
辽宁,大连,二线,金州区,安盛购物广场(开发区店)
辽宁,大连,二线,甘井子区,亿合城购物中心(华南店)
北京,北京,一线,朝阳区,世贸天阶
北京,北京,一线,朝阳区,凤凰汇
北京,北京,一线,丰台区,丽泽天地
北京,北京,一线,海淀区,领展购物广场·中关村
北京,北京,一线,海淀区,北京华联万柳购物中心
北京,北京,一线,昌平区,北京华联回龙观购物中心
北京,北京,一线,房山区,龙湖北京房山天街
北京,北京,一线,大兴区,凯德 MALL大兴
北京,北京,一线,通州区,北京远洋乐堤港
天津,天津,新一线,和平区,天津国金购物中心
天津,天津,新一线,南开区,天津鲁能城购物中心
天津,天津,新一线,南开区,天津陆家嘴中心
天津,天津,新一线,河西区,天津梅江环宇城
天津,天津,新一线,河西区,天津国贸购物中心
天津,天津,新一线,河东区,万达广场
天津,天津,新一线,红桥区,L+MALL 陆家嘴中心
天津,天津,新一线,红桥区,鹏欣水游城
天津,天津,新一线,西青区,永旺购物中心(中北店)
天津,天津,新一线,西青区,万达广场
天津,天津,新一线,津南区,津南吾悦广场
天津,天津,新一线,津南区,永旺梦乐城天津津南
天津,天津,新一线,津南区,新华城市广场
天津,天津,新一线,滨海新区,天津K11 Select
天津,天津,新一线,滨海新区,万达广场(滨海生态城店)
天津,天津,新一线,滨海新区,永旺梦乐城(泰达店)
天津,天津,新一线,滨海新区,金元宝滨海国际购物中心
天津,天津,新一线,滨海新区,天津滨海吾悦广场
天津,天津,新一线,滨海新区,SM 滨海城市广场
天津,天津,新一线,武清区,万达广场
天津,天津,新一线,静海区,乐城购物广场
天津,天津,新一线,宁河区,宁河吾悦广场
天津,天津,新一线,蓟州区,蓟州万达广场
天津,天津,新一线,蓟州区,州河湾购物广场
