uuid,brand,brand_slug,name,address,province,city,district,lat,lng,store_location_type,match_method,match_confidence,match_score,candidate_malls,top1_mall_id,top1_distance_m
475d85bd-2299-4b9f-8f1b-1e150a1e3d63,Louis Vuitton,louis-vuitton,路易威登 上海国金中心店,"浦东新区世纪大道8号, 上海市 200120, 上海, 中国",上海市 200120,上海,虹口区,31.242,121.509,mall_store_no_match,no_candidate_but_has_hint,,,"[{""mall_id"": ""MALL_00672"", ""mall_name"": ""\u4e0a\u6d77\u7b2c\u4e00\u516b\u4f70\u4f34"", ""mall_city"": ""\u4e0a\u6d77"", ""mall_province"": ""\u672a\u77e5\u7701\u4efd"", ""distance_m"": 1709.0, ""city_matched"": true}, {""mall_id"": ""MALL_00807"", ""mall_name"": ""\u5b8f\u4f0a\u56fd\u9645\u5e7f\u573a(\u5357\u4eac\u4e1c\u8def)"", ""mall_city"": ""\u4e0a\u6d77"", ""mall_province"": ""\u672a\u77e5\u7701\u4efd"", ""distance_m"": 2393.5, ""city_matched"": true}, {""mall_id"": ""MALL_00800"", ""mall_name"": ""\u6052\u57fa\u540d\u4eba\u8d2d\u7269\u4e2d\u5fc3"", ""mall_city"": ""\u4e0a\u6d77"", ""mall_province"": ""\u672a\u77e5\u7701\u4efd"", ""distance_m"": 2412.4, ""city_matched"": true}, {""mall_id"": ""MALL_00799"", ""mall_name"": ""\u4e0a\u6d77\u4e16\u8302\u5e7f\u573a"", ""mall_city"": ""\u4e0a\u6d77"", ""mall_province"": ""\u672a\u77e5\u7701\u4efd"", ""distance_m"": 3275.1, ""city_matched"": true}, {""mall_id"": ""MALL_00806"", ""mall_name"": ""\u65b0\u4e16\u754c\u57ce"", ""mall_city"": ""\u4e0a\u6d77"", ""mall_province"": ""\u672a\u77e5\u7701\u4efd"", ""distance_m"": 3445.0, ""city_matched"": true}]",MALL_00672,1709.0
37418c25-4f3c-4357-a6ba-1f43b67f2ce7,Louis Vuitton,louis-vuitton,路易威登 上海前滩太古里店,"浦东新区东育路500弄1-9号, 上海市 200126, 上海, 中国",上海市 200126,上海,徐汇区,31.159,121.489,mall_store_no_match,no_candidate_but_has_hint,,,"[{""mall_id"": ""MALL_00802"", ""mall_name"": ""\u6676\u8000\u524d\u6ee9Crystal Plaza"", ""mall_city"": ""\u4e0a\u6d77"", ""mall_province"": ""\u672a\u77e5\u7701\u4efd"", ""distance_m"": 1353.4, ""city_matched"": true}, {""mall_id"": ""MALL_00805"", ""mall_name"": ""Gate M\u897f\u5cb8\u68a6\u4e2d\u5fc3"", ""mall_city"": ""\u4e0a\u6d77"", ""mall_province"": ""\u672a\u77e5\u7701\u4efd"", ""distance_m"": 2252.6, ""city_matched"": true}, {""mall_id"": ""MALL_00808"", ""mall_name"": ""\u590d\u5730\u6d3b\u529b\u57ce"", ""mall_city"": ""\u4e0a\u6d77"", ""mall_province"": ""\u672a\u77e5\u7701\u4efd"", ""distance_m"": 7206.6, ""city_matched"": true}, {""mall_id"": ""MALL_00796"", ""mall_name"": ""\u4e0a\u6d77k11\u8d2d\u7269\u827a\u672f\u4e2d\u5fc3"", ""mall_city"": ""\u4e0a\u6d77"", ""mall_province"": ""\u672a\u77e5\u7701\u4efd"", ""distance_m"": 7313.2, ""city_matched"": true}, {""mall_id"": ""MALL_00801"", ""mall_name"": ""\u5927\u4e0a\u6d77\u65f6\u4ee3\u5e7f\u573a"", ""mall_city"": ""\u4e0a\u6d77"", ""mall_province"": ""\u672a\u77e5\u7701\u4efd"", ""distance_m"": 7351.5, ""city_matched"": true}]",MALL_00802,1353.4
9150fcf8-2726-49de-914f-5c3844ecd651,Louis Vuitton,louis-vuitton,路易威登 长沙国金中心店,"芙蓉区解放西路270号东牌楼路, 湖南省 410000, 长沙, 中国",湖南省 410000,长沙,芙蓉区,28.198,112.987,mall_store_no_match,no_candidate_but_has_hint,,,"[{""mall_id"": ""MALL_00814"", ""mall_name"": ""\u957f\u6c99\u661f\u6c99\u4e07\u8c61\u6c47"", ""mall_city"": ""\u957f\u6c99"", ""mall_province"": ""\u672a\u77e5\u7701\u4efd"", ""distance_m"": 11304.7, ""city_matched"": true}]",MALL_00814,11304.7
3c5e27ce-f9ea-493d-98b0-3f0793f05dd5,Louis Vuitton,louis-vuitton,路易威登 北京王府井店,"东城区王府井金鱼胡同8号, 北京市 100006, 北京, 中国",北京市 100006,北京,东城区,39.921,116.423,mall_store_no_match,no_candidate_but_has_hint,,,"[{""mall_id"": ""MALL_00658"", ""mall_name"": ""\u5317\u4eac\u4e1c\u65b9\u65b0\u5929\u5730"", ""mall_city"": ""\u5317\u4eac"", ""mall_province"": ""\u672a\u77e5\u7701\u4efd"", ""distance_m"": 1472.6, ""city_matched"": true}, {""mall_id"": ""MALL_00857"", ""mall_name"": ""\u4e16\u8d38\u5929\u9636"", ""mall_city"": ""\u5317\u4eac"", ""mall_province"": ""\u672a\u77e5\u7701\u4efd"", ""distance_m"": 2524.9, ""city_matched"": true}, {""mall_id"": ""MALL_00659"", ""mall_name"": ""\u9890\u5824\u6e2f"", ""mall_city"": ""\u5317\u4eac"", ""mall_province"": ""\u672a\u77e5\u7701\u4efd"", ""distance_m"": 7955.2, ""city_matched"": true}, {""mall_id"": ""MALL_00858"", ""mall_name"": ""\u5317\u4eac\u4e2d\u5173\u6751\u9886\u5c55\u5e7f\u573a"", ""mall_city"": ""\u5317\u4eac"", ""mall_province"": ""\u672a\u77e5\u7701\u4efd"", ""distance_m"": 11311.0, ""city_matched"": true}, {""mall_id"": ""MALL_00660"", ""mall_name"": ""\u534e\u7199LIVE\u00b7\u4e94\u68f5\u677e"", ""mall_city"": ""\u5317\u4eac"", ""mall_province"": ""\u672a\u77e5\u7701\u4efd"", ""distance_m"": 12286.8, ""city_matched"": true}]",MALL_00658,1472.6
5ffb4a5a-9ad8-4a38-9853-22669572816f,Longchamp,longchamp,昆明恒隆精品店,云南省昆明市盘龙区东风东路21号昆明恒隆广场商场L1层L101B铺位,昆明市,昆明市,五华区,25.036434,102.722668,mall_store_no_match,no_candidate_but_has_hint,,,"[{""mall_id"": ""MALL_00194"", ""mall_name"": ""\u6606\u660e\u6052\u9686\u5e7f\u573a"", ""mall_city"": ""\u6606\u660e\u5e02"", ""mall_province"": ""\u4e91\u5357\u7701"", ""distance_m"": 189.8, ""city_matched"": true}, {""mall_id"": ""MALL_00428"", ""mall_name"": ""\u6606\u660e\u4e07\u8c61\u57ce"", ""mall_city"": ""\u6606\u660e\u5e02"", ""mall_province"": ""\u4e91\u5357\u7701"", ""distance_m"": 1379.6, ""city_matched"": true}, {""mall_id"": ""MALL_00367"", ""mall_name"": ""\u987a\u57ce\u8d2d\u7269\u4e2d\u5fc3"", ""mall_city"": ""\u6606\u660e\u5e02"", ""mall_province"": ""\u4e91\u5357\u7701"", ""distance_m"": 1534.8, ""city_matched"": true}, {""mall_id"": ""MALL_00088"", ""mall_name"": ""\u597d\u60a6\u5929\u5730"", ""mall_city"": ""\u6606\u660e\u5e02"", ""mall_province"": ""\u4e91\u5357\u7701"", ""distance_m"": 1840.4, ""city_matched"": true}, {""mall_id"": ""MALL_00322"", ""mall_name"": ""\u4e07\u8fbe\u5e7f\u573a(\u6606\u660e\u897f\u5c71\u5e97)"", ""mall_city"": ""\u6606\u660e\u5e02"", ""mall_province"": ""\u4e91\u5357\u7701"", ""distance_m"": 3432.4, ""city_matched"": true}]",MALL_00194,189.8
46b65554-00ed-4aa9-b835-f5b36c7ea537,Hugo Boss,hugo-boss,BOSS呼和浩特如意小镇,内蒙古自治区呼和浩特市新城区迎新路街道水岸时光街,内蒙古自治区,呼和浩特市,赛罕区,40.846195,111.751027,mall_store_no_match,no_candidate_but_has_hint,,,"[{""mall_id"": ""MALL_00204"", ""mall_name"": ""\u7ef4\u591a\u5229\u6469\u5c14\u57ceA\u5ea7"", ""mall_city"": ""\u547c\u548c\u6d69\u7279\u5e02"", ""mall_province"": ""\u5185\u8499\u53e4\u81ea\u6cbb\u533a"", ""distance_m"": 3874.7, ""city_matched"": true}, {""mall_id"": ""MALL_00203"", ""mall_name"": ""\u632f\u534e\u5e7f\u573a"", ""mall_city"": ""\u547c\u548c\u6d69\u7279\u5e02"", ""mall_province"": ""\u5185\u8499\u53e4\u81ea\u6cbb\u533a"", ""distance_m"": 7668.2, ""city_matched"": true}, {""mall_id"": ""MALL_00511"", ""mall_name"": ""\u547c\u548c\u6d69\u7279\u4e07\u8c61\u57ce"", ""mall_city"": ""\u547c\u548c\u6d69\u7279\u5e02"", ""mall_province"": ""\u5185\u8499\u53e4\u81ea\u6cbb\u533a"", ""distance_m"": 7905.3, ""city_matched"": true}, {""mall_id"": ""MALL_00340"", ""mall_name"": ""\u51ef\u5fb7\u5e7f\u573a"", ""mall_city"": ""\u547c\u548c\u6d69\u7279\u5e02"", ""mall_province"": ""\u5185\u8499\u53e4\u81ea\u6cbb\u533a"", ""distance_m"": 8180.8, ""city_matched"": true}]",MALL_00204,3874.7
dee2a8a0-a1c8-47ee-bc10-78b033bd16f1,Hugo Boss,hugo-boss,BOSS哈尔滨杉杉奥特莱斯,黑龙江省哈尔滨市呼兰区南京路街道杉杉有涧民宿(江北大学城杉杉奥莱店),黑龙江省,哈尔滨市,呼兰区,45.878345,126.56471,mall_store_no_match,no_candidate_but_has_hint,,,"[{""mall_id"": ""MALL_00193"", ""mall_name"": ""\u54c8\u5c14\u6ee8\u677e\u5317\u4e07\u8c61\u6c47"", ""mall_city"": ""\u54c8\u5c14\u6ee8\u5e02"", ""mall_province"": ""\u9ed1\u9f99\u6c5f\u7701"", ""distance_m"": 7911.8, ""city_matched"": true}, {""mall_id"": ""MALL_00853"", ""mall_name"": ""\u91d1\u5b89\u56fd\u9645\u8d2d\u7269\u5e7f\u573a"", ""mall_city"": ""\u54c8\u5c14\u6ee8\u5e02"", ""mall_province"": ""\u9ed1\u9f99\u6c5f\u7701"", ""distance_m"": 12607.5, ""city_matched"": true}, {""mall_id"": ""MALL_00073"", ""mall_name"": ""\u5353\u5c55\u8d2d\u7269\u4e2d\u5fc3B\u5ea7"", ""mall_city"": ""\u54c8\u5c14\u6ee8\u5e02"", ""mall_province"": ""\u9ed1\u9f99\u6c5f\u7701"", ""distance_m"": 13560.1, ""city_matched"": true}, {""mall_id"": ""MALL_00645"", ""mall_name"": ""\u8239\u8236\u7535\u5b50\u5927\u4e16\u754c"", ""mall_city"": ""\u54c8\u5c14\u6ee8\u5e02"", ""mall_province"": ""\u9ed1\u9f99\u6c5f\u7701"", ""distance_m"": 13856.8, ""city_matched"": true}, {""mall_id"": ""MALL_00459"", ""mall_name"": ""\u8fdc\u5927\u8d2d\u7269\u4e2d\u5fc3(\u5357\u5c97\u5e97)"", ""mall_city"": ""\u54c8\u5c14\u6ee8\u5e02"", ""mall_province"": ""\u9ed1\u9f99\u6c5f\u7701"", ""distance_m"": 14458.4, ""city_matched"": true}]",MALL_00193,7911.8
1540df0c-1b72-4ab2-974d-9fbb89da7524,Hugo Boss,hugo-boss,BOSS 南京建邺金鹰购物中心,江苏省南京市建邺区应天大街888号，河西金鹰一楼,江苏省,南京市,建邺区,32.021801,118.745362,mall_store_no_match,no_candidate_but_has_hint,,,"[{""mall_id"": ""MALL_00268"", ""mall_name"": ""\u543e\u60a6\u5e7f\u573a(\u5357\u4eac\u5efa\u90ba\u5e97)"", ""mall_city"": ""\u5357\u4eac\u5e02"", ""mall_province"": ""\u6c5f\u82cf\u7701"", ""distance_m"": 1975.4, ""city_matched"": true}, {""mall_id"": ""MALL_00423"", ""mall_name"": ""\u5357\u4eac\u56fd\u91d1\u4e2d\u5fc3"", ""mall_city"": ""\u5357\u4eac\u5e02"", ""mall_province"": ""\u6c5f\u82cf\u7701"", ""distance_m"": 3821.8, ""city_matched"": true}, {""mall_id"": ""MALL_00683"", ""mall_name"": ""\u91d1\u9e70\u56fd\u9645\u5e7f\u573a(\u65b0\u8857\u53e3\u5e97)"", ""mall_city"": ""\u5357\u4eac\u5e02"", ""mall_province"": ""\u6c5f\u82cf\u7701"", ""distance_m"": 3909.6, ""city_matched"": true}, {""mall_id"": ""MALL_00497"", ""mall_name"": ""\u5fb7\u57fa\u5e7f\u573a\u4e8c\u671f"", ""mall_city"": ""\u5357\u4eac\u5e02"", ""mall_province"": ""\u6c5f\u82cf\u7701"", ""distance_m"": 4509.2, ""city_matched"": true}, {""mall_id"": ""MALL_00554"", ""mall_name"": ""\u5357\u4eac\u91d1\u9675\u5929\u5730"", ""mall_city"": ""\u5357\u4eac\u5e02"", ""mall_province"": ""\u6c5f\u82cf\u7701"", ""distance_m"": 5978.5, ""city_matched"": true}]",MALL_00268,1975.4
0066d2a7-f1a3-4a5a-8da8-034184c1b1c9,Hugo Boss,hugo-boss,BOSS苏州中心,江苏省苏州市吴中区金鸡湖街道芙蓉街金鸡湖景区,江苏省,苏州市,相城区,31.314549,120.682213,mall_store_no_match,,,,"[{""mall_id"": ""MALL_00265"", ""mall_name"": ""\u82cf\u5dde\u4e2d\u5fc3\u5546\u573a\u4e8c\u671f"", ""mall_city"": ""\u82cf\u5dde\u5e02"", ""mall_province"": ""\u6c5f\u82cf\u7701"", ""distance_m"": 290.6, ""city_matched"": true}, {""mall_id"": ""MALL_00383"", ""mall_name"": ""\u9f99\u6e56\u82cf\u5dde\u76f8\u57ce\u5929\u8857A\u9986"", ""mall_city"": ""\u82cf\u5dde\u5e02"", ""mall_province"": ""\u6c5f\u82cf\u7701"", ""distance_m"": 7565.5, ""city_matched"": true}, {""mall_id"": ""MALL_00836"", ""mall_name"": ""\u661f\u6593\u835f"", ""mall_city"": ""\u82cf\u5dde\u5e02"", ""mall_province"": ""\u6c5f\u82cf\u7701"", ""distance_m"": 8018.6, ""city_matched"": true}, {""mall_id"": ""MALL_00062"", ""mall_name"": ""\u82cf\u5dde\u5927\u60a6\u57ce"", ""mall_city"": ""\u82cf\u5dde\u5e02"", ""mall_province"": ""\u6c5f\u82cf\u7701"", ""distance_m"": 12055.9, ""city_matched"": true}, {""mall_id"": ""MALL_00328"", ""mall_name"": ""\u9f99\u6e56\u00b7\u82cf\u5dde\u72ee\u5c71\u5929\u8857"", ""mall_city"": ""\u82cf\u5dde\u5e02"", ""mall_province"": ""\u6c5f\u82cf\u7701"", ""distance_m"": 12186.2, ""city_matched"": true}]",MALL_00265,290.6
ecd2f653-1ca9-4bc7-998c-6d05e35d01dd,Givenchy,givenchy,BJS,北京市朝阳区三里屯路11号三里屯太古里北区N3-10,北京市,北京城区,朝阳区,39.944497,116.461564,mall_store_no_match,no_candidate_but_has_hint,,,"[{""mall_id"": ""MALL_00534"", ""mall_name"": ""\u4e09\u91cc\u5c6f\u592a\u53e4\u91cc"", ""mall_city"": ""\u5317\u4eac\u5e02"", ""mall_province"": ""\u5317\u4eac\u5e02"", ""distance_m"": 1250.1, ""city_matched"": false}, {""mall_id"": ""MALL_00363"", ""mall_name"": ""\u5317\u4eac\u4fa8\u798f\u82b3\u8349\u5730\u8d2d\u7269\u4e2d\u5fc3"", ""mall_city"": ""\u5317\u4eac\u5e02"", ""mall_province"": ""\u5317\u4eac\u5e02"", ""distance_m"": 2976.0, ""city_matched"": false}, {""mall_id"": ""MALL_00857"", ""mall_name"": ""\u4e16\u8d38\u5929\u9636"", ""mall_city"": ""\u5317\u4eac"", ""mall_province"": ""\u672a\u77e5\u7701\u4efd"", ""distance_m"": 3218.7, ""city_matched"": false}, {""mall_id"": ""MALL_00100"", ""mall_name"": ""\u56fd\u8d38\u5546\u57ce"", ""mall_city"": ""\u5317\u4eac\u5e02"", ""mall_province"": ""\u5317\u4eac\u5e02"", ""distance_m"": 3742.9, ""city_matched"": false}, {""mall_id"": ""MALL_00659"", ""mall_name"": ""\u9890\u5824\u6e2f"", ""mall_city"": ""\u5317\u4eac"", ""mall_province"": ""\u672a\u77e5\u7701\u4efd"", ""distance_m"": 3782.4, ""city_matched"": false}]",MALL_00534,1250.1
f8addf84-11f0-45dd-8344-e8bbbee40472,Kenzo,kenzo,KENZO Beijing China World,"Shop L213, Level Two, China World Shopping Mall, No.1 Jian Guo Men Wai Avenue, Chao Yang District, 100004, BEIJING",北京市,BEIJING,朝阳区,39.916584,116.471548,mall_store_no_match,no_candidate_but_has_hint,,,"[{""mall_id"": ""MALL_00335"", ""mall_name"": ""\u5317\u4eac skp"", ""mall_city"": ""\u5317\u4eac\u5e02"", ""mall_province"": ""\u5317\u4eac\u5e02"", ""distance_m"": 662.7, ""city_matched"": false}, {""mall_id"": ""MALL_00115"", ""mall_name"": ""\u534e\u8d38\u8d2d\u7269\u4e2d\u5fc3"", ""mall_city"": ""\u5317\u4eac\u5e02"", ""mall_province"": ""\u5317\u4eac\u5e02"", ""distance_m"": 1149.9, ""city_matched"": false}, {""mall_id"": ""MALL_00100"", ""mall_name"": ""\u56fd\u8d38\u5546\u57ce"", ""mall_city"": ""\u5317\u4eac\u5e02"", ""mall_province"": ""\u5317\u4eac\u5e02"", ""distance_m"": 1222.8, ""city_matched"": false}, {""mall_id"": ""MALL_00857"", ""mall_name"": ""\u4e16\u8d38\u5929\u9636"", ""mall_city"": ""\u5317\u4eac"", ""mall_province"": ""\u672a\u77e5\u7701\u4efd"", ""distance_m"": 1665.7, ""city_matched"": false}, {""mall_id"": ""MALL_00363"", ""mall_name"": ""\u5317\u4eac\u4fa8\u798f\u82b3\u8349\u5730\u8d2d\u7269\u4e2d\u5fc3"", ""mall_city"": ""\u5317\u4eac\u5e02"", ""mall_province"": ""\u5317\u4eac\u5e02"", ""distance_m"": 1965.5, ""city_matched"": false}]",MALL_00335,662.7
f28b9855-345c-453b-9b23-42d78effe8c4,Kenzo,kenzo,KENZO Xian - Sasseur Outlet Pop Up,"Xi'an District, Shaanxi Province, China, 710024, Xi'an",陕西省,Xi'an,灞桥区,34.349181,109.057105,mall_store_no_match,no_candidate_but_has_hint,,,"[{""mall_id"": ""MALL_00256"", ""mall_name"": ""\u897f\u5b89\u534e\u9633\u57ce\u8d2d\u7269\u4e2d\u5fc3"", ""mall_city"": ""\u897f\u5b89\u5e02"", ""mall_province"": ""\u9655\u897f\u7701"", ""distance_m"": 7852.0, ""city_matched"": false}, {""mall_id"": ""MALL_00632"", ""mall_name"": ""\u897f\u5b89\u9f99\u6e56\u957f\u4e50\u5929\u8857"", ""mall_city"": ""\u897f\u5b89\u5e02"", ""mall_province"": ""\u9655\u897f\u7701"", ""distance_m"": 8449.6, ""city_matched"": false}, {""mall_id"": ""MALL_00163"", ""mall_name"": ""\u4e07\u8fbe\u5e7f\u573a(\u897f\u5b89\u5927\u660e\u5bab\u5e97)"", ""mall_city"": ""\u897f\u5b89\u5e02"", ""mall_province"": ""\u9655\u897f\u7701"", ""distance_m"": 8606.4, ""city_matched"": false}, {""mall_id"": ""MALL_00359"", ""mall_name"": ""\u9f99\u6e56\u897f\u5b89\u9999\u918d\u5929\u8857"", ""mall_city"": ""\u897f\u5b89\u5e02"", ""mall_province"": ""\u9655\u897f\u7701"", ""distance_m"": 9813.4, ""city_matched"": false}, {""mall_id"": ""MALL_00453"", ""mall_name"": ""\u897f\u5b89\u5927\u878d\u57ce"", ""mall_city"": ""\u897f\u5b89\u5e02"", ""mall_province"": ""\u9655\u897f\u7701"", ""distance_m"": 10023.3, ""city_matched"": false}]",MALL_00256,7852.0
3faec8ac-6f7f-4c10-be75-615b7854d2da,Kenzo,kenzo,KENZO成都时代奥莱,"东升街道双楠大道中段633号成都时代奥特莱斯1层, S-1192A号铺KENZO, 610200, 成都",四川省,成都,双流区,30.573262,103.918985,mall_store_no_match,no_candidate_but_has_hint,,,"[{""mall_id"": ""MALL_00754"", ""mall_name"": ""\u4f0a\u85e4\u6d0b\u534e\u5802(\u53cc\u6960\u5e97)"", ""mall_city"": ""\u6210\u90fd"", ""mall_province"": ""\u672a\u77e5\u7701\u4efd"", ""distance_m"": 12698.2, ""city_matched"": true}, {""mall_id"": ""MALL_00749"", ""mall_name"": ""\u73af\u7403\u4e2d\u5fc3"", ""mall_city"": ""\u6210\u90fd"", ""mall_province"": ""\u672a\u77e5\u7701\u4efd"", ""distance_m"": 13835.4, ""city_matched"": true}, {""mall_id"": ""MALL_00750"", ""mall_name"": ""\u7fa4\u5149\u5e7f\u573a"", ""mall_city"": ""\u6210\u90fd"", ""mall_province"": ""\u672a\u77e5\u7701\u4efd"", ""distance_m"": 17568.6, ""city_matched"": true}, {""mall_id"": ""MALL_00753"", ""mall_name"": ""\u6210\u90fd\u91d1\u725b\u4e07\u8fbe\u5e7f\u573a"", ""mall_city"": ""\u6210\u90fd"", ""mall_province"": ""\u56db\u5ddd\u7701"", ""distance_m"": 19519.5, ""city_matched"": true}, {""mall_id"": ""MALL_00755"", ""mall_name"": ""\u9f99\u6e56\u00b7\u5317\u57ce\u5929\u8857\u8d2d\u7269\u5e7f\u573a\u5357\u9986"", ""mall_city"": ""\u6210\u90fd"", ""mall_province"": ""\u672a\u77e5\u7701\u4efd"", ""distance_m"": 20500.6, ""city_matched"": true}]",MALL_00754,12698.2
e018de14-2369-4b34-a20b-06623b0908b4,Kenzo,kenzo,KENZO西安中大,"高新路72号中大国际商业中心F1层 L-121 KENZO专柜, 300042, 西安",陕西省,西安,雁塔区,34.225373,108.90843,mall_store_no_match,no_candidate_but_has_hint,,,"[{""mall_id"": ""MALL_00849"", ""mall_name"": ""MOMOPARK\u827a\u672f\u8d2d\u7269\u4e2d\u5fc3"", ""mall_city"": ""\u897f\u5b89"", ""mall_province"": ""\u672a\u77e5\u7701\u4efd"", ""distance_m"": 2310.6, ""city_matched"": true}, {""mall_id"": ""MALL_00850"", ""mall_name"": ""\u897f\u5b89\u897f\u54b8\u543e\u60a6\u5e7f\u573a"", ""mall_city"": ""\u897f\u5b89"", ""mall_province"": ""\u672a\u77e5\u7701\u4efd"", ""distance_m"": 8424.1, ""city_matched"": true}]",MALL_00849,2310.6
0765adb1-c8fa-4358-baf3-1f8fac863e5f,Tory Burch,tory-burch,Beijing Badaling Outlet,"Chenzhuang Village Unit 122 Badaling Outlets,Beijing Badaling Outlet",Beijing,Changping District,昌平区,40.221904,116.237286,mall_store_no_match,no_candidate_but_has_hint,,,"[{""mall_id"": ""MALL_00661"", ""mall_name"": ""\u60a6\u835f"", ""mall_city"": ""\u5317\u4eac\u5e02"", ""mall_province"": ""\u5317\u4eac\u5e02"", ""distance_m"": 1100.1, ""city_matched"": false}, {""mall_id"": ""MALL_00535"", ""mall_name"": ""\u5317\u4eac\u8d85\u6781\u5408\u751f\u6c47"", ""mall_city"": ""\u5317\u4eac\u5e02"", ""mall_province"": ""\u5317\u4eac\u5e02"", ""distance_m"": 14614.1, ""city_matched"": false}, {""mall_id"": ""MALL_00521"", ""mall_name"": ""\u897f\u5317\u65fa\u4e07\u8c61\u6c47"", ""mall_city"": ""\u5317\u4eac\u5e02"", ""mall_province"": ""\u5317\u4eac\u5e02"", ""distance_m"": 19318.0, ""city_matched"": false}, {""mall_id"": ""MALL_00743"", ""mall_name"": ""\u897f\u4e09\u65d7\u4e07\u8c61\u6c47"", ""mall_city"": ""\u5317\u4eac"", ""mall_province"": ""\u672a\u77e5\u7701\u4efd"", ""distance_m"": 20905.4, ""city_matched"": false}, {""mall_id"": ""MALL_00247"", ""mall_name"": ""\u5317\u4eac\u6e05\u6cb3\u4e07\u8c61\u6c47\u897f\u533a"", ""mall_city"": ""\u5317\u4eac\u5e02"", ""mall_province"": ""\u5317\u4eac\u5e02"", ""distance_m"": 22808.1, ""city_matched"": false}]",MALL_00661,1100.1
4e46a180-d00d-4908-924c-9e639df41824,Michael Kors,michael-kors,Dlf Emporio  Mall,"4 Nelson Mandela Road, Vasant Kunj, New Delhi, Delhi, 110070, India",Delhi,New Delhi,札达县,28.539905,77.159264,mall_store_no_match,,,,"[{""mall_id"": ""MALL_00252"", ""mall_name"": ""\u5580\u4ec0\u4e07\u8fbe\u5e7f\u573a"", ""mall_city"": ""\u5580\u4ec0\u5730\u533a"", ""mall_province"": ""\u65b0\u7586\u7ef4\u543e\u5c14\u81ea\u6cbb\u533a"", ""distance_m"": 1217372.6, ""city_matched"": false}, {""mall_id"": ""MALL_00792"", ""mall_name"": ""\u62c9\u8428\u738b\u5e9c\u4e95\u8d2d\u7269\u4e2d\u5fc3"", ""mall_city"": ""\u62c9\u8428"", ""mall_province"": ""\u672a\u77e5\u7701\u4efd"", ""distance_m"": 1357343.2, ""city_matched"": false}, {""mall_id"": ""MALL_00027"", ""mall_name"": ""\u62c9\u8428\u67f3\u68a7\u4e07\u8fbe\u5e7f\u573a"", ""mall_city"": ""\u62c9\u8428\u5e02"", ""mall_province"": ""\u897f\u85cf\u81ea\u6cbb\u533a"", ""distance_m"": 1359564.3, ""city_matched"": false}, {""mall_id"": ""MALL_00235"", ""mall_name"": ""\u62c9\u8428\u57ce\u5173\u4e07\u8fbe\u5e7f\u573a"", ""mall_city"": ""\u62c9\u8428\u5e02"", ""mall_province"": ""\u897f\u85cf\u81ea\u6cbb\u533a"", ""distance_m"": 1367215.8, ""city_matched"": false}, {""mall_id"": ""MALL_00529"", ""mall_name"": ""\u592a\u767e\u8d2d\u7269\u4e2d\u5fc3"", ""mall_city"": ""\u963f\u514b\u82cf\u5730\u533a"", ""mall_province"": ""\u65b0\u7586\u7ef4\u543e\u5c14\u81ea\u6cbb\u533a"", ""distance_m"": 1432769.0, ""city_matched"": false}]",MALL_00252,1217372.6
8515e572-8669-440e-91f5-e594f51f1f90,Michael Kors,michael-kors,Essentai Mall,"77/8 Al-Farabi Ave, Almaty, Almaty, Almaty, 050040, Kazakhstan",Almaty,Almaty,阿合奇县,43.219614,76.930619,mall_store_no_match,,,,"[{""mall_id"": ""MALL_00529"", ""mall_name"": ""\u592a\u767e\u8d2d\u7269\u4e2d\u5fc3"", ""mall_city"": ""\u963f\u514b\u82cf\u5730\u533a"", ""mall_province"": ""\u65b0\u7586\u7ef4\u543e\u5c14\u81ea\u6cbb\u533a"", ""distance_m"": 356406.2, ""city_matched"": false}, {""mall_id"": ""MALL_00598"", ""mall_name"": ""\u65b0\u8302\u4e1a\u56fd\u9645\u8d2d\u7269\u4e2d\u5fc3"", ""mall_city"": ""\u4f0a\u7281\u54c8\u8428\u514b\u81ea\u6cbb\u5dde"", ""mall_province"": ""\u65b0\u7586\u7ef4\u543e\u5c14\u81ea\u6cbb\u533a"", ""distance_m"": 358800.9, ""city_matched"": false}, {""mall_id"": ""MALL_00252"", ""mall_name"": ""\u5580\u4ec0\u4e07\u8fbe\u5e7f\u573a"", ""mall_city"": ""\u5580\u4ec0\u5730\u533a"", ""mall_province"": ""\u65b0\u7586\u7ef4\u543e\u5c14\u81ea\u6cbb\u533a"", ""distance_m"": 426051.0, ""city_matched"": false}, {""mall_id"": ""MALL_00356"", ""mall_name"": ""\u4e07\u8fbe\u5e7f\u573a\u4e4c\u9c81\u6728\u9f50\u7ecf\u5f00\u533a\u5e97"", ""mall_city"": ""\u4e4c\u9c81\u6728\u9f50\u5e02"", ""mall_province"": ""\u65b0\u7586\u7ef4\u543e\u5c14\u81ea\u6cbb\u533a"", ""distance_m"": 855712.1, ""city_matched"": false}, {""mall_id"": ""MALL_00179"", ""mall_name"": ""\u6c47\u5609\u65f6\u4ee3\u5e7f\u573a(\u5317\u4eac\u8def\u5e97)"", ""mall_city"": ""\u4e4c\u9c81\u6728\u9f50\u5e02"", ""mall_province"": ""\u65b0\u7586\u7ef4\u543e\u5c14\u81ea\u6cbb\u533a"", ""distance_m"": 858910.2, ""city_matched"": false}]",MALL_00529,356406.2
a99bd764-8b86-4edb-a808-ec8d6a92f78c,Coach,coach,北京SKP DT51,北京市朝阳区北苑路98号院1号楼2楼A2006,北京市,北京市,东城区,40.017948,116.419169,mall_store_no_match,,,,"[{""mall_id"": ""MALL_00134"", ""mall_name"": ""\u51ef\u5fb7MALL(\u671b\u4eac\u5e97)"", ""mall_city"": ""\u5317\u4eac\u5e02"", ""mall_province"": ""\u5317\u4eac\u5e02"", ""distance_m"": 5037.2, ""city_matched"": true}, {""mall_id"": ""MALL_00536"", ""mall_name"": ""\u5317\u4eac 798 \u521b\u610f\u56ed"", ""mall_city"": ""\u5317\u4eac\u5e02"", ""mall_province"": ""\u5317\u4eac\u5e02"", ""distance_m"": 7421.0, ""city_matched"": true}, {""mall_id"": ""MALL_00247"", ""mall_name"": ""\u5317\u4eac\u6e05\u6cb3\u4e07\u8c61\u6c47\u897f\u533a"", ""mall_city"": ""\u5317\u4eac\u5e02"", ""mall_province"": ""\u5317\u4eac\u5e02"", ""distance_m"": 7487.8, ""city_matched"": true}, {""mall_id"": ""MALL_00892"", ""mall_name"": ""\u7cbe\u529f\u773c\u955c(\u4e2d\u5173\u6751\u5e97)"", ""mall_city"": ""\u5317\u4eac\u5e02"", ""mall_province"": ""\u5317\u4eac\u5e02"", ""distance_m"": 8665.2, ""city_matched"": true}, {""mall_id"": ""MALL_00534"", ""mall_name"": ""\u4e09\u91cc\u5c6f\u592a\u53e4\u91cc"", ""mall_city"": ""\u5317\u4eac\u5e02"", ""mall_province"": ""\u5317\u4eac\u5e02"", ""distance_m"": 9702.5, ""city_matched"": true}]",MALL_00134,5037.2
517b2db3-0d99-4660-a30e-a32a30ddf2aa,Coach,coach,北京湾里王府井奥特莱斯,北京市通州区颐瑞东路66号院1号楼湾里王府井，店铺号：1-1012A,北京市,北京市,通州区,39.869477,116.687231,mall_store_no_match,no_candidate_but_has_hint,,,"[{""mall_id"": ""MALL_00404"", ""mall_name"": ""\u4e07\u8fbe\u5e7f\u573a(\u901a\u5dde\u5e97)"", ""mall_city"": ""\u5317\u4eac\u5e02"", ""mall_province"": ""\u5317\u4eac\u5e02"", ""distance_m"": 5641.1, ""city_matched"": true}, {""mall_id"": ""MALL_00133"", ""mall_name"": ""\u957f\u6979\u5929\u8857\u8d2d\u7269\u4e2d\u5fc3-\u4e1c\u533a"", ""mall_city"": ""\u5317\u4eac\u5e02"", ""mall_province"": ""\u5317\u4eac\u5e02"", ""distance_m"": 9555.6, ""city_matched"": true}, {""mall_id"": ""MALL_00270"", ""mall_name"": ""\u671d\u9633\u5927\u60a6\u57ce"", ""mall_city"": ""\u5317\u4eac\u5e02"", ""mall_province"": ""\u5317\u4eac\u5e02"", ""distance_m"": 15602.5, ""city_matched"": true}, {""mall_id"": ""MALL_00531"", ""mall_name"": ""\u5317\u4eac\u671d\u9633\u5408\u751f\u6c47"", ""mall_city"": ""\u5317\u4eac\u5e02"", ""mall_province"": ""\u5317\u4eac\u5e02"", ""distance_m"": 17882.4, ""city_matched"": true}, {""mall_id"": ""MALL_00115"", ""mall_name"": ""\u534e\u8d38\u8d2d\u7269\u4e2d\u5fc3"", ""mall_city"": ""\u5317\u4eac\u5e02"", ""mall_province"": ""\u5317\u4eac\u5e02"", ""distance_m"": 18150.9, ""city_matched"": true}]",MALL_00404,5641.1
2518058e-9ada-401d-9125-35f8243e68c6,Coach,coach,兰州杉杉奥特莱斯,甘肃省兰州市城关区北环东路888号,甘肃省,兰州市,城关区,36.112095,103.907522,mall_store_no_match,,,,"[{""mall_id"": ""MALL_00580"", ""mall_name"": ""\u4e07\u8fbe\u5e7f\u573a(\u5170\u5dde\u57ce\u5173\u5e97)"", ""mall_city"": ""\u5170\u5dde\u5e02"", ""mall_province"": ""\u7518\u8083\u7701"", ""distance_m"": 6721.0, ""city_matched"": true}, {""mall_id"": ""MALL_00381"", ""mall_name"": ""\u5170\u5dde\u4e07\u8c61\u57ce"", ""mall_city"": ""\u5170\u5dde\u5e02"", ""mall_province"": ""\u7518\u8083\u7701"", ""distance_m"": 8575.3, ""city_matched"": true}, {""mall_id"": ""MALL_00238"", ""mall_name"": ""\u5170\u5dde\u4e2d\u5fc3"", ""mall_city"": ""\u5170\u5dde\u5e02"", ""mall_province"": ""\u7518\u8083\u7701"", ""distance_m"": 12855.2, ""city_matched"": true}, {""mall_id"": ""MALL_00478"", ""mall_name"": ""\u5170\u5dde\u4e07\u8fbe\u8302"", ""mall_city"": ""\u5170\u5dde\u5e02"", ""mall_province"": ""\u7518\u8083\u7701"", ""distance_m"": 20479.1, ""city_matched"": true}]",MALL_00580,6721.0
7fa0a223-503b-4c03-a821-85b2c3c183f9,Coach,coach,广州天汇广场,广东省广州市天河区兴民路222号101房自编L108-109店铺,广东省,广州市,天河区,23.113212,113.337434,mall_store_no_match,no_candidate_but_has_hint,,,"[{""mall_id"": ""MALL_00783"", ""mall_name"": ""\u5e7f\u7ca4\u5929\u5730"", ""mall_city"": ""\u5e7f\u5dde\u5e02"", ""mall_province"": ""\u5e7f\u4e1c\u7701"", ""distance_m"": 301.1, ""city_matched"": true}, {""mall_id"": ""MALL_00002"", ""mall_name"": ""\u5e7f\u5dde\u5929\u6c47\u5e7f\u573a"", ""mall_city"": ""\u5e7f\u5dde\u5e02"", ""mall_province"": ""\u5e7f\u4e1c\u7701"", ""distance_m"": 642.6, ""city_matched"": true}, {""mall_id"": ""MALL_00376"", ""mall_name"": ""K11\u8d2d\u7269\u827a\u672f\u4e2d\u5fc3"", ""mall_city"": ""\u5e7f\u5dde\u5e02"", ""mall_province"": ""\u5e7f\u4e1c\u7701"", ""distance_m"": 1262.9, ""city_matched"": true}, {""mall_id"": ""MALL_00116"", ""mall_name"": ""\u5929\u6cb3\u9886\u5c55\u5e7f\u573a"", ""mall_city"": ""\u5e7f\u5dde\u5e02"", ""mall_province"": ""\u5e7f\u4e1c\u7701"", ""distance_m"": 1362.2, ""city_matched"": true}, {""mall_id"": ""MALL_00640"", ""mall_name"": ""\u5929\u6cb3\u767e\u8111\u6c47"", ""mall_city"": ""\u5e7f\u5dde\u5e02"", ""mall_province"": ""\u5e7f\u4e1c\u7701"", ""distance_m"": 1428.7, ""city_matched"": true}]",MALL_00783,301.1
8cd57e2e-fea5-482d-9b6f-bb81f2bb4fb6,Coach,coach,深圳杉杉奥特莱斯,松岗街道沙浦社区艺展三路8号杉杉奥特莱斯广场 A137-A150,广东省,深圳市,长安镇,22.780553,113.841791,mall_store_no_match,,,,"[{""mall_id"": ""MALL_00049"", ""mall_name"": ""\u5149\u660e\u5927\u4edf\u91cc\u8d2d\u7269\u4e2d\u5fc3A\u533a"", ""mall_city"": ""\u6df1\u5733\u5e02"", ""mall_province"": ""\u5e7f\u4e1c\u7701"", ""distance_m"": 5411.2, ""city_matched"": true}, {""mall_id"": ""MALL_00148"", ""mall_name"": ""\u6000\u5fb7\u4e07\u8c61\u6c47"", ""mall_city"": ""\u6df1\u5733\u5e02"", ""mall_province"": ""\u5e7f\u4e1c\u7701"", ""distance_m"": 12837.6, ""city_matched"": true}, {""mall_id"": ""MALL_00045"", ""mall_name"": ""\u6df1\u5733\u5b9d\u5b89\u56fd\u9645\u673a\u573aT3"", ""mall_city"": ""\u6df1\u5733\u5e02"", ""mall_province"": ""\u5e7f\u4e1c\u7701"", ""distance_m"": 17556.8, ""city_matched"": true}, {""mall_id"": ""MALL_00758"", ""mall_name"": ""\u540e\u6d6a\u65b0\u5929\u5730"", ""mall_city"": ""\u6df1\u5733\u5e02"", ""mall_province"": ""\u5e7f\u4e1c\u7701"", ""distance_m"": 19433.0, ""city_matched"": true}, {""mall_id"": ""MALL_00276"", ""mall_name"": ""\u5b9d\u5b89\u5927\u4edf\u91cc"", ""mall_city"": ""\u6df1\u5733\u5e02"", ""mall_province"": ""\u5e7f\u4e1c\u7701"", ""distance_m"": 23642.1, ""city_matched"": true}]",MALL_00049,5411.2
5ff6c480-cbc0-4468-91e7-9eb71122fd95,Coach,coach,唐山振华,河北省唐山市路北区 新华西道45号路振华诚成购物中心一层,河北省,唐山市,路南区,39.627782,118.159417,mall_store_no_match,no_candidate_but_has_hint,,,"[{""mall_id"": ""MALL_00310"", ""mall_name"": ""\u7231\u7434\u6d77\u8d2d\u7269\u4e2d\u5fc3"", ""mall_city"": ""\u5510\u5c71\u5e02"", ""mall_province"": ""\u6cb3\u5317\u7701"", ""distance_m"": 764.3, ""city_matched"": true}, {""mall_id"": ""MALL_00435"", ""mall_name"": ""\u5510\u5c71\u4e07\u8fbe\u5e7f\u573a"", ""mall_city"": ""\u5510\u5c71\u5e02"", ""mall_province"": ""\u6cb3\u5317\u7701"", ""distance_m"": 2349.8, ""city_matched"": true}, {""mall_id"": ""MALL_00644"", ""mall_name"": ""\u5510\u5c71\u6570\u7801\u5e7f\u573a\u7167\u6750"", ""mall_city"": ""\u5510\u5c71\u5e02"", ""mall_province"": ""\u6cb3\u5317\u7701"", ""distance_m"": 3483.8, ""city_matched"": true}]",MALL_00310,764.3
d851f2f6-a129-4612-9a35-27d77b3647b4,Coach,coach,株洲百货,湖南省株洲市芦淞区建设中路2号株洲百货一口Q1商铺,湖南省,株洲市,石峰区,27.853918,113.136869,mall_store_no_match,,,,"[{""mall_id"": ""MALL_00722"", ""mall_name"": ""\u738b\u5e9c\u00b7\u661fMall"", ""mall_city"": ""\u682a\u6d32\u5e02"", ""mall_province"": ""\u672a\u77e5\u7701\u4efd"", ""distance_m"": 2405.2, ""city_matched"": true}]",MALL_00722,2405.2
5fd6a0cd-2f42-4f11-8b6c-d649af1fb6a8,Coach,coach,南通万象城,江苏省南通市崇川区唐闸镇街道北大街111号1楼L112&113铺位,江苏省,南通市,崇川区,32.049468,120.863121,mall_store_no_match,no_candidate_but_has_hint,,,"[{""mall_id"": ""MALL_00051"", ""mall_name"": ""\u5357\u901a\u4e07\u8c61\u57ce"", ""mall_city"": ""\u5357\u901a\u5e02"", ""mall_province"": ""\u6c5f\u82cf\u7701"", ""distance_m"": 424.8, ""city_matched"": true}, {""mall_id"": ""MALL_00583"", ""mall_name"": ""\u5357\u901aCBD\u5927\u6709\u5883A\u5ea7"", ""mall_city"": ""\u5357\u901a\u5e02"", ""mall_province"": ""\u6c5f\u82cf\u7701"", ""distance_m"": 9401.7, ""city_matched"": true}]",MALL_00051,424.8
70771c3c-df74-410d-82a3-386493216756,Coach,coach,济南百联奥特莱斯,山东省济南市槐荫区美里路555号一层A117-118,山东省,济南市,槐荫区,36.716843,116.927228,mall_store_no_match,,,,"[{""mall_id"": ""MALL_00236"", ""mall_name"": ""\u9f99\u6e56\u6d4e\u5357\u5965\u4f53\u5929\u8857"", ""mall_city"": ""\u6d4e\u5357\u5e02"", ""mall_province"": ""\u5c71\u4e1c\u7701"", ""distance_m"": 7306.4, ""city_matched"": true}, {""mall_id"": ""MALL_00063"", ""mall_name"": ""\u548c\u8c10\u5e7f\u573a"", ""mall_city"": ""\u6d4e\u5357\u5e02"", ""mall_province"": ""\u5c71\u4e1c\u7701"", ""distance_m"": 8707.2, ""city_matched"": true}, {""mall_id"": ""MALL_00254"", ""mall_name"": ""\u6d4e\u5357\u6052\u9686\u5e7f\u573a"", ""mall_city"": ""\u6d4e\u5357\u5e02"", ""mall_province"": ""\u5c71\u4e1c\u7701"", ""distance_m"": 10429.8, ""city_matched"": true}, {""mall_id"": ""MALL_00341"", ""mall_name"": ""\u8d35\u548c\u8d2d\u7269\u4e2d\u5fc3"", ""mall_city"": ""\u6d4e\u5357\u5e02"", ""mall_province"": ""\u5c71\u4e1c\u7701"", ""distance_m"": 10562.5, ""city_matched"": true}, {""mall_id"": ""MALL_00239"", ""mall_name"": ""\u8d35\u548c\u8d2d\u7269\u4e2d\u5fc3(\u9886\u79c0\u57ce\u5e97)"", ""mall_city"": ""\u6d4e\u5357\u5e02"", ""mall_province"": ""\u5c71\u4e1c\u7701"", ""distance_m"": 15303.4, ""city_matched"": true}]",MALL_00236,7306.4
dd5dbfbb-dc30-453b-bfc1-af0ad14a65d7,Coach,coach,上海协信星光广场店,上海市静安区汶水路上海协信星光广场1层NL131号店铺,上海市,上海市,虹口区,31.29579,121.463018,mall_store_no_match,no_candidate_but_has_hint,,,"[{""mall_id"": ""MALL_00003"", ""mall_name"": ""\u4e0a\u6d77\u4e45\u5149\u4e2d\u5fc3"", ""mall_city"": ""\u4e0a\u6d77\u5e02"", ""mall_province"": ""\u4e0a\u6d77\u5e02"", ""distance_m"": 2438.0, ""city_matched"": true}, {""mall_id"": ""MALL_00005"", ""mall_name"": ""\u4e07\u8fbe\u5e7f\u573a(\u4e0a\u6d77\u5b9d\u5c71\u5e97)"", ""mall_city"": ""\u4e0a\u6d77\u5e02"", ""mall_province"": ""\u4e0a\u6d77\u5e02"", ""distance_m"": 3456.7, ""city_matched"": true}, {""mall_id"": ""MALL_00586"", ""mall_name"": ""\u4e07\u8fbe\u5e7f\u573aC\u680b"", ""mall_city"": ""\u4e0a\u6d77\u5e02"", ""mall_province"": ""\u4e0a\u6d77\u5e02"", ""distance_m"": 4847.6, ""city_matched"": true}, {""mall_id"": ""MALL_00647"", ""mall_name"": ""Isnta360\u4e0a\u6d77\u73af\u9f99\u5546\u573a\u7167\u6750"", ""mall_city"": ""\u4e0a\u6d77\u5e02"", ""mall_province"": ""\u4e0a\u6d77\u5e02"", ""distance_m"": 4909.6, ""city_matched"": true}, {""mall_id"": ""MALL_00509"", ""mall_name"": ""\u745e\u8679\u65b0\u5929\u5730\u592a\u9633\u5bab"", ""mall_city"": ""\u4e0a\u6d77\u5e02"", ""mall_province"": ""\u4e0a\u6d77\u5e02"", ""distance_m"": 5105.4, ""city_matched"": true}]",MALL_00003,2438.0
67cd4628-4615-438c-8d68-4317f0482597,Coach,coach,上海奕欧来奥特莱斯,上海市浦东新区国际旅游度假区零售购物综合体J3单元,上海市,上海市,浦东新区,31.130439,121.639051,mall_store_no_match,,,,"[{""mall_id"": ""MALL_00137"", ""mall_name"": ""\u4e07\u8fbe\u5e7f\u573a(\u4e0a\u6d77\u5468\u6d66\u5e97)"", ""mall_city"": ""\u4e0a\u6d77\u5e02"", ""mall_province"": ""\u4e0a\u6d77\u5e02"", ""distance_m"": 6849.6, ""city_matched"": true}, {""mall_id"": ""MALL_00677"", ""mall_name"": ""\u957f\u6cf0\u5e7f\u573a"", ""mall_city"": ""\u4e0a\u6d77\u5e02"", ""mall_province"": ""\u4e0a\u6d77\u5e02"", ""distance_m"": 9098.4, ""city_matched"": true}, {""mall_id"": ""MALL_00196"", ""mall_name"": ""\u6d66\u4e1c\u5609\u91cc\u57ce"", ""mall_city"": ""\u4e0a\u6d77\u5e02"", ""mall_province"": ""\u4e0a\u6d77\u5e02"", ""distance_m"": 11485.4, ""city_matched"": true}, {""mall_id"": ""MALL_00545"", ""mall_name"": ""\u4e0a\u6d77\u6d66\u4e1c\u5609\u91cc\u57ce"", ""mall_city"": ""\u4e0a\u6d77\u5e02"", ""mall_province"": ""\u4e0a\u6d77\u5e02"", ""distance_m"": 13130.3, ""city_matched"": true}, {""mall_id"": ""MALL_00441"", ""mall_name"": ""\u4e16\u535a\u6e90"", ""mall_city"": ""\u4e0a\u6d77\u5e02"", ""mall_province"": ""\u4e0a\u6d77\u5e02"", ""distance_m"": 15119.1, ""city_matched"": true}]",MALL_00137,6849.6
1983fb40-b2aa-4caf-a078-8378004d626c,Coach,coach,上海安福路限时概念店,上海市徐汇区安福路187号,上海市,上海市,静安区,31.212168,121.448803,mall_store_no_match,no_candidate_but_has_hint,,,"[{""mall_id"": ""MALL_00420"", ""mall_name"": ""\u73af\u8d38iapm\u5546\u573a"", ""mall_city"": ""\u4e0a\u6d77\u5e02"", ""mall_province"": ""\u4e0a\u6d77\u5e02"", ""distance_m"": 957.1, ""city_matched"": true}, {""mall_id"": ""MALL_00345"", ""mall_name"": ""\u4e0a\u6d77\u6052\u9686\u5e7f\u573a"", ""mall_city"": ""\u4e0a\u6d77\u5e02"", ""mall_province"": ""\u4e0a\u6d77\u5e02"", ""distance_m"": 1799.1, ""city_matched"": true}, {""mall_id"": ""MALL_00648"", ""mall_name"": ""\u4e0a\u6d77\u767e\u8111\u6c47"", ""mall_city"": ""\u4e0a\u6d77\u5e02"", ""mall_province"": ""\u4e0a\u6d77\u5e02"", ""distance_m"": 1892.9, ""city_matched"": true}, {""mall_id"": ""MALL_00373"", ""mall_name"": ""\u4e0a\u6d77\u6e2f\u6c47\u6052\u9686\u5e7f\u573a"", ""mall_city"": ""\u4e0a\u6d77\u5e02"", ""mall_province"": ""\u4e0a\u6d77\u5e02"", ""distance_m"": 2240.1, ""city_matched"": true}, {""mall_id"": ""MALL_00178"", ""mall_name"": ""\u5174\u4e1a\u592a\u53e4\u6c47"", ""mall_city"": ""\u4e0a\u6d77\u5e02"", ""mall_province"": ""\u4e0a\u6d77\u5e02"", ""distance_m"": 2306.9, ""city_matched"": true}]",MALL_00420,957.1
5afddb29-f31e-41e3-ad3e-8283c9dae961,Coach,coach,弥敦道,九龙尖沙咀弥敦道118-130号 美丽华广场二期地下G63号铺及1楼163号铺,香港特别行政区,九龙城区,罗湖区,22.294372,114.182069,mall_store_no_match,,,,"[{""mall_id"": ""MALL_00480"", ""mall_name"": ""\u4e07\u8c61\u57ce3\u671f"", ""mall_city"": ""\u6df1\u5733\u5e02"", ""mall_province"": ""\u5e7f\u4e1c\u7701"", ""distance_m"": 28247.6, ""city_matched"": false}, {""mall_id"": ""MALL_00343"", ""mall_name"": ""KKMALL\u4eac\u57fa\u767e\u7eb3\u7a7a\u95f4"", ""mall_city"": ""\u6df1\u5733\u5e02"", ""mall_province"": ""\u5e7f\u4e1c\u7701"", ""distance_m"": 28798.1, ""city_matched"": false}, {""mall_id"": ""MALL_00392"", ""mall_name"": ""\u534e\u5f3a\u7535\u5b50\u4e16\u754c"", ""mall_city"": ""\u6df1\u5733\u5e02"", ""mall_province"": ""\u5e7f\u4e1c\u7701"", ""distance_m"": 29301.7, ""city_matched"": false}, {""mall_id"": ""MALL_00607"", ""mall_name"": ""\u6df1\u5733\u4e2d\u822a\u57ce"", ""mall_city"": ""\u6df1\u5733\u5e02"", ""mall_province"": ""\u5e7f\u4e1c\u7701"", ""distance_m"": 29438.5, ""city_matched"": false}, {""mall_id"": ""MALL_00168"", ""mall_name"": ""PA MALL \u5e73\u5b89\u91d1\u878d\u4e2d\u5fc3"", ""mall_city"": ""\u6df1\u5733\u5e02"", ""mall_province"": ""\u5e7f\u4e1c\u7701"", ""distance_m"": 29562.5, ""city_matched"": false}]",MALL_00480,28247.6
f0802727-ebc7-4840-b0ff-c4fbdfda579b,Coach,coach,朗豪坊,九龙旺角亚皆老街8号朗豪坊地下07-08号店,香港特别行政区,九龙城区,罗湖区,22.273898,114.191762,mall_store_no_match,,,,"[{""mall_id"": ""MALL_00480"", ""mall_name"": ""\u4e07\u8c61\u57ce3\u671f"", ""mall_city"": ""\u6df1\u5733\u5e02"", ""mall_province"": ""\u5e7f\u4e1c\u7701"", ""distance_m"": 30708.6, ""city_matched"": false}, {""mall_id"": ""MALL_00343"", ""mall_name"": ""KKMALL\u4eac\u57fa\u767e\u7eb3\u7a7a\u95f4"", ""mall_city"": ""\u6df1\u5733\u5e02"", ""mall_province"": ""\u5e7f\u4e1c\u7701"", ""distance_m"": 31260.8, ""city_matched"": false}, {""mall_id"": ""MALL_00392"", ""mall_name"": ""\u534e\u5f3a\u7535\u5b50\u4e16\u754c"", ""mall_city"": ""\u6df1\u5733\u5e02"", ""mall_province"": ""\u5e7f\u4e1c\u7701"", ""distance_m"": 31782.7, ""city_matched"": false}, {""mall_id"": ""MALL_00607"", ""mall_name"": ""\u6df1\u5733\u4e2d\u822a\u57ce"", ""mall_city"": ""\u6df1\u5733\u5e02"", ""mall_province"": ""\u5e7f\u4e1c\u7701"", ""distance_m"": 31919.7, ""city_matched"": false}, {""mall_id"": ""MALL_00168"", ""mall_name"": ""PA MALL \u5e73\u5b89\u91d1\u878d\u4e2d\u5fc3"", ""mall_city"": ""\u6df1\u5733\u5e02"", ""mall_province"": ""\u5e7f\u4e1c\u7701"", ""distance_m"": 32046.0, ""city_matched"": false}]",MALL_00480,30708.6
0bd2d69c-3e39-49e0-a4fb-94519512427b,Coach,coach,新世纪广场,九龙旺角太子道西193号新世纪广场地下M23号店,香港特别行政区,九龙城区,罗湖区,22.317418,114.182374,mall_store_no_match,,,,"[{""mall_id"": ""MALL_00480"", ""mall_name"": ""\u4e07\u8c61\u57ce3\u671f"", ""mall_city"": ""\u6df1\u5733\u5e02"", ""mall_province"": ""\u5e7f\u4e1c\u7701"", ""distance_m"": 25793.5, ""city_matched"": false}, {""mall_id"": ""MALL_00343"", ""mall_name"": ""KKMALL\u4eac\u57fa\u767e\u7eb3\u7a7a\u95f4"", ""mall_city"": ""\u6df1\u5733\u5e02"", ""mall_province"": ""\u5e7f\u4e1c\u7701"", ""distance_m"": 26347.6, ""city_matched"": false}, {""mall_id"": ""MALL_00392"", ""mall_name"": ""\u534e\u5f3a\u7535\u5b50\u4e16\u754c"", ""mall_city"": ""\u6df1\u5733\u5e02"", ""mall_province"": ""\u5e7f\u4e1c\u7701"", ""distance_m"": 26920.9, ""city_matched"": false}, {""mall_id"": ""MALL_00607"", ""mall_name"": ""\u6df1\u5733\u4e2d\u822a\u57ce"", ""mall_city"": ""\u6df1\u5733\u5e02"", ""mall_province"": ""\u5e7f\u4e1c\u7701"", ""distance_m"": 27059.4, ""city_matched"": false}, {""mall_id"": ""MALL_00122"", ""mall_name"": ""\u66fc\u54c8\u5546\u4e1a\u5e7f\u573a(\u8fdb\u53e3\u98df\u54c1,\u6570\u7801)"", ""mall_city"": ""\u6df1\u5733\u5e02"", ""mall_province"": ""\u5e7f\u4e1c\u7701"", ""distance_m"": 27219.0, ""city_matched"": false}]",MALL_00480,25793.5
a8a57d51-9bea-46e4-b847-1c3880338bec,Coach,coach,昆明恒隆,云南省昆明市盘龙区东风东路21号昆明恒隆广场L101EF,云南省,昆明市,五华区,25.033896,102.721571,mall_store_no_match,no_candidate_but_has_hint,,,"[{""mall_id"": ""MALL_00194"", ""mall_name"": ""\u6606\u660e\u6052\u9686\u5e7f\u573a"", ""mall_city"": ""\u6606\u660e\u5e02"", ""mall_province"": ""\u4e91\u5357\u7701"", ""distance_m"": 320.4, ""city_matched"": true}, {""mall_id"": ""MALL_00428"", ""mall_name"": ""\u6606\u660e\u4e07\u8c61\u57ce"", ""mall_city"": ""\u6606\u660e\u5e02"", ""mall_province"": ""\u4e91\u5357\u7701"", ""distance_m"": 1343.8, ""city_matched"": true}, {""mall_id"": ""MALL_00367"", ""mall_name"": ""\u987a\u57ce\u8d2d\u7269\u4e2d\u5fc3"", ""mall_city"": ""\u6606\u660e\u5e02"", ""mall_province"": ""\u4e91\u5357\u7701"", ""distance_m"": 1432.4, ""city_matched"": true}, {""mall_id"": ""MALL_00088"", ""mall_name"": ""\u597d\u60a6\u5929\u5730"", ""mall_city"": ""\u6606\u660e\u5e02"", ""mall_province"": ""\u4e91\u5357\u7701"", ""distance_m"": 1540.9, ""city_matched"": true}, {""mall_id"": ""MALL_00322"", ""mall_name"": ""\u4e07\u8fbe\u5e7f\u573a(\u6606\u660e\u897f\u5c71\u5e97)"", ""mall_city"": ""\u6606\u660e\u5e02"", ""mall_province"": ""\u4e91\u5357\u7701"", ""distance_m"": 3129.4, ""city_matched"": true}]",MALL_00194,320.4
b4991ba8-4346-4daa-a283-c707a0c048c1,Coach,coach,昆明金格百货奥特莱斯,云南省昆明市度假区前卫西路19号铺位号F1009,云南省,昆明市,西山区,24.981829,102.678709,mall_store_no_match,no_candidate_but_has_hint,,,"[{""mall_id"": ""MALL_00400"", ""mall_name"": ""\u516c\u56ed1903\u5546\u4e1a\u5e7f\u573a"", ""mall_city"": ""\u6606\u660e\u5e02"", ""mall_province"": ""\u4e91\u5357\u7701"", ""distance_m"": 490.5, ""city_matched"": true}, {""mall_id"": ""MALL_00067"", ""mall_name"": ""\u91d1\u79d1\u00b7\u7231\u7434\u6d77\u8d2d\u7269\u516c\u56ed"", ""mall_city"": ""\u6606\u660e\u5e02"", ""mall_province"": ""\u4e91\u5357\u7701"", ""distance_m"": 1321.3, ""city_matched"": true}, {""mall_id"": ""MALL_00237"", ""mall_name"": ""\u5357\u4e9a\u98ce\u60c5\u7b2c\u58f9MALL"", ""mall_city"": ""\u6606\u660e\u5e02"", ""mall_province"": ""\u4e91\u5357\u7701"", ""distance_m"": 3105.9, ""city_matched"": true}, {""mall_id"": ""MALL_00322"", ""mall_name"": ""\u4e07\u8fbe\u5e7f\u573a(\u6606\u660e\u897f\u5c71\u5e97)"", ""mall_city"": ""\u6606\u660e\u5e02"", ""mall_province"": ""\u4e91\u5357\u7701"", ""distance_m"": 4267.1, ""city_matched"": true}, {""mall_id"": ""MALL_00088"", ""mall_name"": ""\u597d\u60a6\u5929\u5730"", ""mall_city"": ""\u6606\u660e\u5e02"", ""mall_province"": ""\u4e91\u5357\u7701"", ""distance_m"": 5692.1, ""city_matched"": true}]",MALL_00400,490.5
09fc2406-7caa-4672-b202-8f6d42d26bfc,Coach,coach,宁波杉井奥特莱斯广场,浙江省宁波市鄞州区秋实路555号杉井奥特莱斯广场,浙江省,宁波市,鄞州区,29.812878,121.573314,mall_store_no_match,,,,"[{""mall_id"": ""MALL_00068"", ""mall_name"": ""\u5b81\u6ce2\u4e07\u8c61\u6c47"", ""mall_city"": ""\u5b81\u6ce2\u5e02"", ""mall_province"": ""\u6d59\u6c5f\u7701"", ""distance_m"": 2322.8, ""city_matched"": true}, {""mall_id"": ""MALL_00336"", ""mall_name"": ""\u5b81\u6ce2\u73af\u7403\u94f6\u6cf0\u57ce"", ""mall_city"": ""\u5b81\u6ce2\u5e02"", ""mall_province"": ""\u6d59\u6c5f\u7701"", ""distance_m"": 3242.5, ""city_matched"": true}, {""mall_id"": ""MALL_00558"", ""mall_name"": ""\u660e\u5dde\u91cc\u5546\u573a"", ""mall_city"": ""\u5b81\u6ce2\u5e02"", ""mall_province"": ""\u6d59\u6c5f\u7701"", ""distance_m"": 3305.1, ""city_matched"": true}, {""mall_id"": ""MALL_00079"", ""mall_name"": ""\u5b81\u6ce2\u962a\u6025"", ""mall_city"": ""\u5b81\u6ce2\u5e02"", ""mall_province"": ""\u6d59\u6c5f\u7701"", ""distance_m"": 6716.1, ""city_matched"": true}, {""mall_id"": ""MALL_00816"", ""mall_name"": ""\u9f99\u6e56\u5b81\u6ce2\u911e\u5dde\u5929\u8857"", ""mall_city"": ""\u5b81\u6ce2\u5e02"", ""mall_province"": ""\u6d59\u6c5f\u7701"", ""distance_m"": 7639.3, ""city_matched"": true}]",MALL_00068,2322.8
e18a8beb-606e-4d13-89c7-fbbb9531e5b8,Chanel,chanel,香奈儿上海国金中心腕表与高级珠宝店,世纪大道8号国金中心商场首层 IFC Mall,浦东新区,上海市,虹口区,31.24247676324213,121.50847983559204,mall_store_no_match,no_candidate_but_has_hint,,,"[{""mall_id"": ""MALL_00325"", ""mall_name"": ""\u4e0a\u6d77ifc\u5546\u573a"", ""mall_city"": ""\u4e0a\u6d77\u5e02"", ""mall_province"": ""\u4e0a\u6d77\u5e02"", ""distance_m"": 913.7, ""city_matched"": true}, {""mall_id"": ""MALL_00549"", ""mall_name"": ""\u6b63\u5927\u5e7f\u573a"", ""mall_city"": ""\u4e0a\u6d77\u5e02"", ""mall_province"": ""\u4e0a\u6d77\u5e02"", ""distance_m"": 1090.2, ""city_matched"": true}, {""mall_id"": ""MALL_00551"", ""mall_name"": ""\u5317\u5916\u6ee9\u6765\u798f\u58eb\u5e7f\u573a"", ""mall_city"": ""\u4e0a\u6d77\u5e02"", ""mall_province"": ""\u4e0a\u6d77\u5e02"", ""distance_m"": 1135.8, ""city_matched"": true}, {""mall_id"": ""MALL_00550"", ""mall_name"": ""\u4e0a\u6d77\u9646\u5bb6\u5634\u4e2d\u5fc3L+mall"", ""mall_city"": ""\u4e0a\u6d77\u5e02"", ""mall_province"": ""\u4e0a\u6d77\u5e02"", ""distance_m"": 1436.0, ""city_matched"": true}, {""mall_id"": ""MALL_00509"", ""mall_name"": ""\u745e\u8679\u65b0\u5929\u5730\u592a\u9633\u5bab"", ""mall_city"": ""\u4e0a\u6d77\u5e02"", ""mall_province"": ""\u4e0a\u6d77\u5e02"", ""distance_m"": 2395.8, ""city_matched"": true}]",MALL_00325,913.7
a983120b-09b0-4bcf-9095-64521c1811b9,Chanel,chanel,香奈儿上海国金中心精品店,上海市世纪大道8号国金中心商场首层,上海市,上海,虹口区,31.24238982901484,121.50871614708734,mall_store_no_match,no_candidate_but_has_hint,,,"[{""mall_id"": ""MALL_00672"", ""mall_name"": ""\u4e0a\u6d77\u7b2c\u4e00\u516b\u4f70\u4f34"", ""mall_city"": ""\u4e0a\u6d77"", ""mall_province"": ""\u672a\u77e5\u7701\u4efd"", ""distance_m"": 1759.8, ""city_matched"": true}, {""mall_id"": ""MALL_00807"", ""mall_name"": ""\u5b8f\u4f0a\u56fd\u9645\u5e7f\u573a(\u5357\u4eac\u4e1c\u8def)"", ""mall_city"": ""\u4e0a\u6d77"", ""mall_province"": ""\u672a\u77e5\u7701\u4efd"", ""distance_m"": 2378.0, ""city_matched"": true}, {""mall_id"": ""MALL_00800"", ""mall_name"": ""\u6052\u57fa\u540d\u4eba\u8d2d\u7269\u4e2d\u5fc3"", ""mall_city"": ""\u4e0a\u6d77"", ""mall_province"": ""\u672a\u77e5\u7701\u4efd"", ""distance_m"": 2394.6, ""city_matched"": true}, {""mall_id"": ""MALL_00799"", ""mall_name"": ""\u4e0a\u6d77\u4e16\u8302\u5e7f\u573a"", ""mall_city"": ""\u4e0a\u6d77"", ""mall_province"": ""\u672a\u77e5\u7701\u4efd"", ""distance_m"": 3260.7, ""city_matched"": true}, {""mall_id"": ""MALL_00806"", ""mall_name"": ""\u65b0\u4e16\u754c\u57ce"", ""mall_city"": ""\u4e0a\u6d77"", ""mall_province"": ""\u672a\u77e5\u7701\u4efd"", ""distance_m"": 3428.7, ""city_matched"": true}]",MALL_00672,1759.8
4c3441dd-933f-4abe-9c77-6e3d7201508b,Polo Ralph Lauren,polo-ralph-lauren,苏州奕欧来精品旅游购物村奥特莱斯,阳澄湖半岛旅游度假区奕欧来苏州精品旅游购物村B4.1号铺,江苏省,苏州市,相城区,31.373295,120.76386,mall_store_no_match,,,,"[{""mall_id"": ""MALL_00836"", ""mall_name"": ""\u661f\u6593\u835f"", ""mall_city"": ""\u82cf\u5dde\u5e02"", ""mall_province"": ""\u6c5f\u82cf\u7701"", ""distance_m"": 7731.1, ""city_matched"": true}, {""mall_id"": ""MALL_00265"", ""mall_name"": ""\u82cf\u5dde\u4e2d\u5fc3\u5546\u573a\u4e8c\u671f"", ""mall_city"": ""\u82cf\u5dde\u5e02"", ""mall_province"": ""\u6c5f\u82cf\u7701"", ""distance_m"": 10320.8, ""city_matched"": true}, {""mall_id"": ""MALL_00383"", ""mall_name"": ""\u9f99\u6e56\u82cf\u5dde\u76f8\u57ce\u5929\u8857A\u9986"", ""mall_city"": ""\u82cf\u5dde\u5e02"", ""mall_province"": ""\u6c5f\u82cf\u7701"", ""distance_m"": 12079.2, ""city_matched"": true}, {""mall_id"": ""MALL_00062"", ""mall_name"": ""\u82cf\u5dde\u5927\u60a6\u57ce"", ""mall_city"": ""\u82cf\u5dde\u5e02"", ""mall_province"": ""\u6c5f\u82cf\u7701"", ""distance_m"": 15274.8, ""city_matched"": true}, {""mall_id"": ""MALL_00018"", ""mall_name"": ""\u6606\u5c71\u4e07\u8c61\u6c47"", ""mall_city"": ""\u82cf\u5dde\u5e02"", ""mall_province"": ""\u6c5f\u82cf\u7701"", ""distance_m"": 15560.5, ""city_matched"": true}]",MALL_00836,7731.1
9dc4aa29-ee15-463e-acba-292a44a42a3c,Polo Ralph Lauren,polo-ralph-lauren,北京朝阳合生汇Polo Ralph Lauren,朝阳区西大望路甲22号北京朝阳合生汇一层L1-08A&L1-08B,北京市,北京市,朝阳区,39.901251,116.496044,mall_store_no_match,,,,"[{""mall_id"": ""MALL_00115"", ""mall_name"": ""\u534e\u8d38\u8d2d\u7269\u4e2d\u5fc3"", ""mall_city"": ""\u5317\u4eac\u5e02"", ""mall_province"": ""\u5317\u4eac\u5e02"", ""distance_m"": 1562.4, ""city_matched"": true}, {""mall_id"": ""MALL_00531"", ""mall_name"": ""\u5317\u4eac\u671d\u9633\u5408\u751f\u6c47"", ""mall_city"": ""\u5317\u4eac\u5e02"", ""mall_province"": ""\u5317\u4eac\u5e02"", ""distance_m"": 1580.0, ""city_matched"": true}, {""mall_id"": ""MALL_00181"", ""mall_name"": ""\u4eac\u4e1cMALL(\u5317\u4eac\u53cc\u4e95\u5e97)"", ""mall_city"": ""\u5317\u4eac\u5e02"", ""mall_province"": ""\u5317\u4eac\u5e02"", ""distance_m"": 2025.5, ""city_matched"": true}, {""mall_id"": ""MALL_00335"", ""mall_name"": ""\u5317\u4eac skp"", ""mall_city"": ""\u5317\u4eac\u5e02"", ""mall_province"": ""\u5317\u4eac\u5e02"", ""distance_m"": 2099.1, ""city_matched"": true}, {""mall_id"": ""MALL_00097"", ""mall_name"": ""\u5317\u4eac\u5bcc\u529b\u5e7f\u573a"", ""mall_city"": ""\u5317\u4eac\u5e02"", ""mall_province"": ""\u5317\u4eac\u5e02"", ""distance_m"": 3089.8, ""city_matched"": true}]",MALL_00115,1562.4
595f325f-97e2-454a-8ab1-791e68472af0,Polo Ralph Lauren,polo-ralph-lauren,上海国金中心Polo Ralph Lauren,浦东新区陆家嘴金融贸易区世纪大道8号上海国金中心LG1-23室,上海市,上海市,杨浦区,31.24066,121.51329,mall_store_no_match,no_candidate_but_has_hint,,,"[{""mall_id"": ""MALL_00550"", ""mall_name"": ""\u4e0a\u6d77\u9646\u5bb6\u5634\u4e2d\u5fc3L+mall"", ""mall_city"": ""\u4e0a\u6d77\u5e02"", ""mall_province"": ""\u4e0a\u6d77\u5e02"", ""distance_m"": 1088.4, ""city_matched"": true}, {""mall_id"": ""MALL_00325"", ""mall_name"": ""\u4e0a\u6d77ifc\u5546\u573a"", ""mall_city"": ""\u4e0a\u6d77\u5e02"", ""mall_province"": ""\u4e0a\u6d77\u5e02"", ""distance_m"": 1156.0, ""city_matched"": true}, {""mall_id"": ""MALL_00549"", ""mall_name"": ""\u6b63\u5927\u5e7f\u573a"", ""mall_city"": ""\u4e0a\u6d77\u5e02"", ""mall_province"": ""\u4e0a\u6d77\u5e02"", ""distance_m"": 1411.0, ""city_matched"": true}, {""mall_id"": ""MALL_00551"", ""mall_name"": ""\u5317\u5916\u6ee9\u6765\u798f\u58eb\u5e7f\u573a"", ""mall_city"": ""\u4e0a\u6d77\u5e02"", ""mall_province"": ""\u4e0a\u6d77\u5e02"", ""distance_m"": 1450.0, ""city_matched"": true}, {""mall_id"": ""MALL_00509"", ""mall_name"": ""\u745e\u8679\u65b0\u5929\u5730\u592a\u9633\u5bab"", ""mall_city"": ""\u4e0a\u6d77\u5e02"", ""mall_province"": ""\u4e0a\u6d77\u5e02"", ""distance_m"": 2756.7, ""city_matched"": true}]",MALL_00550,1088.4
a6d90f53-303a-445a-86ca-e9309557c455,Polo Ralph Lauren,polo-ralph-lauren,重庆砂之船奥特莱斯,北部新区奥特莱斯路1号重庆两江砂之船奥莱商场E馆ZE-L1-01-1及TE-L2-01-1,重庆市,重庆市,两江新区,29.633311,106.575876,mall_store_no_match,no_candidate_but_has_hint,,,"[{""mall_id"": ""MALL_00493"", ""mall_name"": ""\u91cd\u5e86\u91d1\u5f00\u7231\u7434\u6d77"", ""mall_city"": ""\u91cd\u5e86\u5e02"", ""mall_province"": ""\u91cd\u5e86\u5e02"", ""distance_m"": 2809.3, ""city_matched"": true}, {""mall_id"": ""MALL_00422"", ""mall_name"": ""\u5149\u73af\u8d2d\u7269\u516c\u56ed"", ""mall_city"": ""\u91cd\u5e86\u5e02"", ""mall_province"": ""\u91cd\u5e86\u5e02"", ""distance_m"": 4893.6, ""city_matched"": true}, {""mall_id"": ""MALL_00080"", ""mall_name"": ""\u91cd\u5e86IFS\u56fd\u91d1\u4e2d\u5fc3"", ""mall_city"": ""\u91cd\u5e86\u5e02"", ""mall_province"": ""\u91cd\u5e86\u5e02"", ""distance_m"": 6408.9, ""city_matched"": true}, {""mall_id"": ""MALL_00585"", ""mall_name"": ""\u65b0\u5149\u5929\u5730B\u533a"", ""mall_city"": ""\u91cd\u5e86\u5e02"", ""mall_province"": ""\u91cd\u5e86\u5e02"", ""distance_m"": 6844.4, ""city_matched"": true}, {""mall_id"": ""MALL_00302"", ""mall_name"": ""\u9f99\u6e56\u91cd\u5e86\u5317\u57ce\u5929\u8857"", ""mall_city"": ""\u91cd\u5e86\u5e02"", ""mall_province"": ""\u91cd\u5e86\u5e02"", ""distance_m"": 7382.9, ""city_matched"": true}]",MALL_00493,2809.3
97a92c46-43ad-45da-883d-d18f5e75ea51,Polo Ralph Lauren,polo-ralph-lauren,深圳杉杉奥特莱斯,宝安区松岗街道沙浦社区艺展三路8号深圳杉杉奥特莱斯广场A132/A133/A134 号店铺,广东省,深圳市,长安镇,22.786382,113.848258,mall_store_no_match,,,,"[{""mall_id"": ""MALL_00049"", ""mall_name"": ""\u5149\u660e\u5927\u4edf\u91cc\u8d2d\u7269\u4e2d\u5fc3A\u533a"", ""mall_city"": ""\u6df1\u5733\u5e02"", ""mall_province"": ""\u5e7f\u4e1c\u7701"", ""distance_m"": 4878.3, ""city_matched"": true}, {""mall_id"": ""MALL_00148"", ""mall_name"": ""\u6000\u5fb7\u4e07\u8c61\u6c47"", ""mall_city"": ""\u6df1\u5733\u5e02"", ""mall_province"": ""\u5e7f\u4e1c\u7701"", ""distance_m"": 13605.4, ""city_matched"": true}, {""mall_id"": ""MALL_00045"", ""mall_name"": ""\u6df1\u5733\u5b9d\u5b89\u56fd\u9645\u673a\u573aT3"", ""mall_city"": ""\u6df1\u5733\u5e02"", ""mall_province"": ""\u5e7f\u4e1c\u7701"", ""distance_m"": 18313.2, ""city_matched"": true}, {""mall_id"": ""MALL_00758"", ""mall_name"": ""\u540e\u6d6a\u65b0\u5929\u5730"", ""mall_city"": ""\u6df1\u5733\u5e02"", ""mall_province"": ""\u5e7f\u4e1c\u7701"", ""distance_m"": 19307.4, ""city_matched"": true}, {""mall_id"": ""MALL_00276"", ""mall_name"": ""\u5b9d\u5b89\u5927\u4edf\u91cc"", ""mall_city"": ""\u6df1\u5733\u5e02"", ""mall_province"": ""\u5e7f\u4e1c\u7701"", ""distance_m"": 24207.5, ""city_matched"": true}]",MALL_00049,4878.3
0d647b4c-7517-4352-87ab-2c5a605c73c0,Polo Ralph Lauren,polo-ralph-lauren,深圳龙华壹方天地Polo Ralph Lauren,龙华区龙华街道壹方天地 C 区L1 层013A/015 号商铺,广东省,深圳市,龙华区,22.653026,114.038842,mall_store_no_match,no_candidate_but_has_hint,,,"[{""mall_id"": ""MALL_00523"", ""mall_name"": ""\u58f9\u65b9\u5929\u5730C\u533a"", ""mall_city"": ""\u6df1\u5733\u5e02"", ""mall_province"": ""\u5e7f\u4e1c\u7701"", ""distance_m"": 1312.5, ""city_matched"": true}, {""mall_id"": ""MALL_00868"", ""mall_name"": ""\u9f99\u534e\u5929\u8679\u8d2d\u7269\u4e2d\u5fc3"", ""mall_city"": ""\u6df1\u5733\u5e02"", ""mall_province"": ""\u5e7f\u4e1c\u7701"", ""distance_m"": 3630.6, ""city_matched"": true}, {""mall_id"": ""MALL_00758"", ""mall_name"": ""\u540e\u6d6a\u65b0\u5929\u5730"", ""mall_city"": ""\u6df1\u5733\u5e02"", ""mall_province"": ""\u5e7f\u4e1c\u7701"", ""distance_m"": 5287.4, ""city_matched"": true}, {""mall_id"": ""MALL_00086"", ""mall_name"": ""\u5353\u60a6\u6c47\u8d2d\u7269\u4e2d\u5fc3"", ""mall_city"": ""\u6df1\u5733\u5e02"", ""mall_province"": ""\u5e7f\u4e1c\u7701"", ""distance_m"": 9516.6, ""city_matched"": true}, {""mall_id"": ""MALL_00164"", ""mall_name"": ""\u6df1\u5733\u9f99\u5c97\u4e07\u8fbe\u5e7f\u573a"", ""mall_city"": ""\u6df1\u5733\u5e02"", ""mall_province"": ""\u5e7f\u4e1c\u7701"", ""distance_m"": 9748.0, ""city_matched"": true}]",MALL_00523,1312.5
2097d00d-387c-41de-9f13-63da094bae70,Polo Ralph Lauren,polo-ralph-lauren,郑州大卫城Polo Ralph Lauren,河南省郑州市金水区二七路与太康路交叉口郑州大卫城 3层,河南省,郑州市,管城回族区,34.763734,113.679259,mall_store_no_match,no_candidate_but_has_hint,,,"[{""mall_id"": ""MALL_00326"", ""mall_name"": ""\u4e39\u5c3c\u65af\u00b7\u5927\u536b\u57ce"", ""mall_city"": ""\u90d1\u5dde\u5e02"", ""mall_province"": ""\u6cb3\u5357\u7701"", ""distance_m"": 1390.1, ""city_matched"": true}, {""mall_id"": ""MALL_00251"", ""mall_name"": ""\u90d1\u5dde\u4e8c\u4e03\u4e07\u8c61\u57ce"", ""mall_city"": ""\u90d1\u5dde\u5e02"", ""mall_province"": ""\u6cb3\u5357\u7701"", ""distance_m"": 1867.3, ""city_matched"": true}, {""mall_id"": ""MALL_00885"", ""mall_name"": ""\u65b0\u7530360\u5e7f\u573a(\u90d1\u5dde\u56fd\u8d38\u5e97)"", ""mall_city"": ""\u90d1\u5dde\u5e02"", ""mall_province"": ""\u6cb3\u5357\u7701"", ""distance_m"": 2331.0, ""city_matched"": true}, {""mall_id"": ""MALL_00057"", ""mall_name"": ""\u90d1\u5dde\u6b63\u5f18\u57ce"", ""mall_city"": ""\u90d1\u5dde\u5e02"", ""mall_province"": ""\u6cb3\u5357\u7701"", ""distance_m"": 3571.3, ""city_matched"": true}, {""mall_id"": ""MALL_00144"", ""mall_name"": ""CityOn\u7199\u5730\u6e2f(\u90d1\u5dde)\u8d2d\u7269\u4e2d\u5fc3"", ""mall_city"": ""\u90d1\u5dde\u5e02"", ""mall_province"": ""\u6cb3\u5357\u7701"", ""distance_m"": 4204.8, ""city_matched"": true}]",MALL_00326,1390.1
f1859e55-a9a2-4056-a69f-ff142ca57f5b,Polo Ralph Lauren,polo-ralph-lauren,北京三里屯店 Ralph Lauren,"朝阳区三里屯路19号三里屯太古里南区一楼S6-10a, 二楼S6-20a, 三楼S6-30",北京市,北京市,朝阳区,39.942731,116.467549,mall_store_no_match,no_candidate_but_has_hint,,,"[{""mall_id"": ""MALL_00534"", ""mall_name"": ""\u4e09\u91cc\u5c6f\u592a\u53e4\u91cc"", ""mall_city"": ""\u5317\u4eac\u5e02"", ""mall_province"": ""\u5317\u4eac\u5e02"", ""distance_m"": 1449.2, ""city_matched"": true}, {""mall_id"": ""MALL_00363"", ""mall_name"": ""\u5317\u4eac\u4fa8\u798f\u82b3\u8349\u5730\u8d2d\u7269\u4e2d\u5fc3"", ""mall_city"": ""\u5317\u4eac\u5e02"", ""mall_province"": ""\u5317\u4eac\u5e02"", ""distance_m"": 3029.0, ""city_matched"": true}, {""mall_id"": ""MALL_00335"", ""mall_name"": ""\u5317\u4eac skp"", ""mall_city"": ""\u5317\u4eac\u5e02"", ""mall_province"": ""\u5317\u4eac\u5e02"", ""distance_m"": 3551.4, ""city_matched"": true}, {""mall_id"": ""MALL_00100"", ""mall_name"": ""\u56fd\u8d38\u5546\u57ce"", ""mall_city"": ""\u5317\u4eac\u5e02"", ""mall_province"": ""\u5317\u4eac\u5e02"", ""distance_m"": 3610.8, ""city_matched"": true}, {""mall_id"": ""MALL_00115"", ""mall_name"": ""\u534e\u8d38\u8d2d\u7269\u4e2d\u5fc3"", ""mall_city"": ""\u5317\u4eac\u5e02"", ""mall_province"": ""\u5317\u4eac\u5e02"", ""distance_m"": 3908.1, ""city_matched"": true}]",MALL_00534,1449.2
f354d20f-2d77-4178-8dfe-e3a01e9d84cf,Polo Ralph Lauren,polo-ralph-lauren,北京三里屯店Ralph's Coffee,朝阳区三里屯路19号三里屯太古里南区一楼S6-10a,北京市,北京市,朝阳区,39.942731,116.467549,mall_store_no_match,no_candidate_but_has_hint,,,"[{""mall_id"": ""MALL_00534"", ""mall_name"": ""\u4e09\u91cc\u5c6f\u592a\u53e4\u91cc"", ""mall_city"": ""\u5317\u4eac\u5e02"", ""mall_province"": ""\u5317\u4eac\u5e02"", ""distance_m"": 1449.2, ""city_matched"": true}, {""mall_id"": ""MALL_00363"", ""mall_name"": ""\u5317\u4eac\u4fa8\u798f\u82b3\u8349\u5730\u8d2d\u7269\u4e2d\u5fc3"", ""mall_city"": ""\u5317\u4eac\u5e02"", ""mall_province"": ""\u5317\u4eac\u5e02"", ""distance_m"": 3029.0, ""city_matched"": true}, {""mall_id"": ""MALL_00335"", ""mall_name"": ""\u5317\u4eac skp"", ""mall_city"": ""\u5317\u4eac\u5e02"", ""mall_province"": ""\u5317\u4eac\u5e02"", ""distance_m"": 3551.4, ""city_matched"": true}, {""mall_id"": ""MALL_00100"", ""mall_name"": ""\u56fd\u8d38\u5546\u57ce"", ""mall_city"": ""\u5317\u4eac\u5e02"", ""mall_province"": ""\u5317\u4eac\u5e02"", ""distance_m"": 3610.8, ""city_matched"": true}, {""mall_id"": ""MALL_00115"", ""mall_name"": ""\u534e\u8d38\u8d2d\u7269\u4e2d\u5fc3"", ""mall_city"": ""\u5317\u4eac\u5e02"", ""mall_province"": ""\u5317\u4eac\u5e02"", ""distance_m"": 3908.1, ""city_matched"": true}]",MALL_00534,1449.2
4f7731ba-1003-4a51-9f1d-416066ad9804,Polo Ralph Lauren,polo-ralph-lauren,郑州正弘汇Polo Ralph Lauren,高新区科学大道路138号正弘汇一层L112号,河南省,郑州市,惠济区,34.813364,113.579104,mall_store_no_match,no_candidate_but_has_hint,,,"[{""mall_id"": ""MALL_00055"", ""mall_name"": ""\u90d1\u5dde\u6b63\u5f18\u6c47"", ""mall_city"": ""\u90d1\u5dde\u5e02"", ""mall_province"": ""\u6cb3\u5357\u7701"", ""distance_m"": 1270.6, ""city_matched"": true}, {""mall_id"": ""MALL_00563"", ""mall_name"": ""\u4fe1\u4e07\u5e7f\u573a"", ""mall_city"": ""\u90d1\u5dde\u5e02"", ""mall_province"": ""\u6cb3\u5357\u7701"", ""distance_m"": 6248.7, ""city_matched"": true}, {""mall_id"": ""MALL_00589"", ""mall_name"": ""\u90d1\u5dde\u539f\u4e07\u8fbe"", ""mall_city"": ""\u90d1\u5dde\u5e02"", ""mall_province"": ""\u6cb3\u5357\u7701"", ""distance_m"": 7720.7, ""city_matched"": true}, {""mall_id"": ""MALL_00492"", ""mall_name"": ""\u63a2\u5341\u91cc(\u5347\u9f99\u91d1\u4e2d\u73af\u8d22\u5bcc\u4e2d\u5fc3\u5e97)"", ""mall_city"": ""\u90d1\u5dde\u5e02"", ""mall_province"": ""\u6cb3\u5357\u7701"", ""distance_m"": 9249.4, ""city_matched"": true}, {""mall_id"": ""MALL_00057"", ""mall_name"": ""\u90d1\u5dde\u6b63\u5f18\u57ce"", ""mall_city"": ""\u90d1\u5dde\u5e02"", ""mall_province"": ""\u6cb3\u5357\u7701"", ""distance_m"": 9458.2, ""city_matched"": true}]",MALL_00055,1270.6
8b7c028f-6082-420a-9034-672f0d3f36b7,Polo Ralph Lauren,polo-ralph-lauren,China Return DC (Outlet)2,浦东新区王桥路786号普洛斯金桥南园区1号楼邮编201201,上海市,上海市,浦东新区,31.209976,121.698173,mall_store_no_match,,,,"[{""mall_id"": ""MALL_00677"", ""mall_name"": ""\u957f\u6cf0\u5e7f\u573a"", ""mall_city"": ""\u4e0a\u6d77\u5e02"", ""mall_province"": ""\u4e0a\u6d77\u5e02"", ""distance_m"": 9161.9, ""city_matched"": true}, {""mall_id"": ""MALL_00224"", ""mall_name"": ""\u6d66\u4e1c\u673a\u573a"", ""mall_city"": ""\u4e0a\u6d77\u5e02"", ""mall_province"": ""\u4e0a\u6d77\u5e02"", ""distance_m"": 12069.2, ""city_matched"": true}, {""mall_id"": ""MALL_00196"", ""mall_name"": ""\u6d66\u4e1c\u5609\u91cc\u57ce"", ""mall_city"": ""\u4e0a\u6d77\u5e02"", ""mall_province"": ""\u4e0a\u6d77\u5e02"", ""distance_m"": 12676.9, ""city_matched"": true}, {""mall_id"": ""MALL_00545"", ""mall_name"": ""\u4e0a\u6d77\u6d66\u4e1c\u5609\u91cc\u57ce"", ""mall_city"": ""\u4e0a\u6d77\u5e02"", ""mall_province"": ""\u4e0a\u6d77\u5e02"", ""distance_m"": 13298.2, ""city_matched"": true}, {""mall_id"": ""MALL_00137"", ""mall_name"": ""\u4e07\u8fbe\u5e7f\u573a(\u4e0a\u6d77\u5468\u6d66\u5e97)"", ""mall_city"": ""\u4e0a\u6d77\u5e02"", ""mall_province"": ""\u4e0a\u6d77\u5e02"", ""distance_m"": 16201.6, ""city_matched"": true}]",MALL_00677,9161.9
cb649b8a-9b33-4e0f-ad95-17292255affe,Polo Ralph Lauren,polo-ralph-lauren,南通八佰伴(PRL),八佰伴商贸中心1/F<br />崇川区人民中路路47号,江苏省,南通市,靖江市,32.015065,120.307823,mall_store_no_match,,,,"[{""mall_id"": ""MALL_00051"", ""mall_name"": ""\u5357\u901a\u4e07\u8c61\u57ce"", ""mall_city"": ""\u5357\u901a\u5e02"", ""mall_province"": ""\u6c5f\u82cf\u7701"", ""distance_m"": 52091.4, ""city_matched"": true}, {""mall_id"": ""MALL_00583"", ""mall_name"": ""\u5357\u901aCBD\u5927\u6709\u5883A\u5ea7"", ""mall_city"": ""\u5357\u901a\u5e02"", ""mall_province"": ""\u6c5f\u82cf\u7701"", ""distance_m"": 55520.2, ""city_matched"": true}]",MALL_00051,52091.4
e606f92e-6d1f-4907-bf11-df092e16f2ee,Polo Ralph Lauren,polo-ralph-lauren,上海八佰伴 Lauren,浦东新区张杨路501号八佰伴商贸中心2层B01-01F02-01-0004号店铺,上海市,上海市,浦东新区,31.232044,121.527958,mall_store_no_match,no_candidate_but_has_hint,,,"[{""mall_id"": ""MALL_00550"", ""mall_name"": ""\u4e0a\u6d77\u9646\u5bb6\u5634\u4e2d\u5fc3L+mall"", ""mall_city"": ""\u4e0a\u6d77\u5e02"", ""mall_province"": ""\u4e0a\u6d77\u5e02"", ""distance_m"": 1184.7, ""city_matched"": true}, {""mall_id"": ""MALL_00325"", ""mall_name"": ""\u4e0a\u6d77ifc\u5546\u573a"", ""mall_city"": ""\u4e0a\u6d77\u5e02"", ""mall_province"": ""\u4e0a\u6d77\u5e02"", ""distance_m"": 2479.7, ""city_matched"": true}, {""mall_id"": ""MALL_00549"", ""mall_name"": ""\u6b63\u5927\u5e7f\u573a"", ""mall_city"": ""\u4e0a\u6d77\u5e02"", ""mall_province"": ""\u4e0a\u6d77\u5e02"", ""distance_m"": 2786.7, ""city_matched"": true}, {""mall_id"": ""MALL_00551"", ""mall_name"": ""\u5317\u5916\u6ee9\u6765\u798f\u58eb\u5e7f\u573a"", ""mall_city"": ""\u4e0a\u6d77\u5e02"", ""mall_province"": ""\u4e0a\u6d77\u5e02"", ""distance_m"": 3019.3, ""city_matched"": true}, {""mall_id"": ""MALL_00545"", ""mall_name"": ""\u4e0a\u6d77\u6d66\u4e1c\u5609\u91cc\u57ce"", ""mall_city"": ""\u4e0a\u6d77\u5e02"", ""mall_province"": ""\u4e0a\u6d77\u5e02"", ""distance_m"": 3074.4, ""city_matched"": true}]",MALL_00550,1184.7
96d010cd-a484-4964-b4fb-21e31e46953b,Polo Ralph Lauren,polo-ralph-lauren,Nanjing Sasseur Outlet 南京砂之船奥特莱斯,江苏省南京市江宁区秣周东路12号一层1-A15/16,江苏省,南京市,江宁区,31.86809,118.827668,mall_store_no_match,,,,"[{""mall_id"": ""MALL_00426"", ""mall_name"": ""\u666f\u67ab\u4e2d\u5fc3"", ""mall_city"": ""\u5357\u4eac\u5e02"", ""mall_province"": ""\u6c5f\u82cf\u7701"", ""distance_m"": 6908.7, ""city_matched"": true}, {""mall_id"": ""MALL_00098"", ""mall_name"": ""\u4eac\u4e1cMALL(\u5357\u4eac\u5927\u660e\u8def\u5e97)"", ""mall_city"": ""\u5357\u4eac\u5e02"", ""mall_province"": ""\u6c5f\u82cf\u7701"", ""distance_m"": 13525.7, ""city_matched"": true}, {""mall_id"": ""MALL_00255"", ""mall_name"": ""\u5357\u4eac\u96e8\u82b1\u4e07\u8c61\u5929\u5730"", ""mall_city"": ""\u5357\u4eac\u5e02"", ""mall_province"": ""\u6c5f\u82cf\u7701"", ""distance_m"": 13614.4, ""city_matched"": true}, {""mall_id"": ""MALL_00554"", ""mall_name"": ""\u5357\u4eac\u91d1\u9675\u5929\u5730"", ""mall_city"": ""\u5357\u4eac\u5e02"", ""mall_province"": ""\u6c5f\u82cf\u7701"", ""distance_m"": 16004.4, ""city_matched"": true}, {""mall_id"": ""MALL_00423"", ""mall_name"": ""\u5357\u4eac\u56fd\u91d1\u4e2d\u5fc3"", ""mall_city"": ""\u5357\u4eac\u5e02"", ""mall_province"": ""\u6c5f\u82cf\u7701"", ""distance_m"": 17190.6, ""city_matched"": true}]",MALL_00426,6908.7
e83de305-8416-43a3-8118-ec622b44c37f,Polo Ralph Lauren,polo-ralph-lauren,北京王府井Polo Ralph Lauren,东城区王府井大街255号1楼边厅,北京市,北京市,固安县,39.546186,116.249478,mall_store_no_match,,,,"[{""mall_id"": ""MALL_00477"", ""mall_name"": ""\u5317\u4eac\u835f\u805a"", ""mall_city"": ""\u5317\u4eac\u5e02"", ""mall_province"": ""\u5317\u4eac\u5e02"", ""distance_m"": 27696.1, ""city_matched"": true}, {""mall_id"": ""MALL_00425"", ""mall_name"": ""\u9f99\u6e56\u5317\u4eac\u4ea6\u5e84\u5929\u8857"", ""mall_city"": ""\u5317\u4eac\u5e02"", ""mall_province"": ""\u5317\u4eac\u5e02"", ""distance_m"": 31012.3, ""city_matched"": true}, {""mall_id"": ""MALL_00884"", ""mall_name"": ""\u4e07\u8fbe\u5e7f\u573a(\u5317\u4eac\u4e30\u79d1\u5e97)"", ""mall_city"": ""\u5317\u4eac\u5e02"", ""mall_province"": ""\u5317\u4eac\u5e02"", ""distance_m"": 32208.5, ""city_matched"": true}, {""mall_id"": ""MALL_00225"", ""mall_name"": ""\u9f99\u6e56\u5317\u4eac\u4e3d\u6cfd\u5929\u8857"", ""mall_city"": ""\u5317\u4eac\u5e02"", ""mall_province"": ""\u5317\u4eac\u5e02"", ""distance_m"": 36370.6, ""city_matched"": true}, {""mall_id"": ""MALL_00046"", ""mall_name"": ""\u4eac\u4e1cMALL(\u5317\u4eac\u5357\u4e09\u73af\u5e97)"", ""mall_city"": ""\u5317\u4eac\u5e02"", ""mall_province"": ""\u5317\u4eac\u5e02"", ""distance_m"": 36531.5, ""city_matched"": true}]",MALL_00477,27696.1
