uuid,brand,name,city,token,candidate_mall_id,candidate_mall_name,distance_m,similarity,llm_chosen_mall_id,llm_confidence,llm_reason
1634f4c6-a62b-4288-887a-bda07c90d246,NIO,蔚来空间 | 北京顺义华联,北京市,北京顺义华联,MALL_77FC07EE,北京华联顺义金街购物中心,708.6,80.0,MALL_77FC07EE,high,门店名称明确包含'北京顺义华联'，与候选商场'北京华联顺义金街购物中心'品牌匹配度最高，且距离较近
9f3d1058-89d2-46ca-addd-5aab8bdef8a2,NIO,蔚来空间 | 上海世纪汇广场,上海市,上海世纪汇广场,MALL_F64E2A2B,九六广场,700.3,66.66666666666667,none,high,门店名称明确指向'上海世纪汇广场'，但候选商场列表中无匹配项，所有商场名称均不相同
26afdffd-d31b-4342-894f-54b0938fc634,Dior,,昆明市,东风东路21号 恒隆广场,MALL_431F0EC6,金俊广场,413.3,66.66666666666667,none,high,门店地址明确位于'恒隆广场'，但候选商场列表中无此商场，所有候选商场均不匹配
c1b0a2d6-3f29-4e5f-a8df-5f07d3d91d71,Popmart,广州琶洲保利,广州市,广东省广州市海珠区琶洲蟠龙新街2号保利广场,MALL_A37AA328,宜安广场,414.4,66.66666666666667,none,high,门店地址明确位于琶洲保利广场，但候选商场均在淘金、中山路等不同区域，距离较远且名称不匹配
712c0801-47ea-44ad-ab2b-c3a464229c9d,Popmart,广州番禺天河城店,广州市,广州番禺天河城,MALL_A8F8EDD9,广州番禺万达广场,407.1,72.72727272727273,none,high,门店名称为'广州番禺天河城店'，但候选商场列表中无'天河城'相关商场，所有候选商场名称与门店不匹配
838d5974-2af3-4d27-ac34-e79549e046ff,Popmart,西安万象天地,西安市,西安万象天地,MALL_B3D412A8,西安万象城(生命之树),394.4,80.0,MALL_B3D412A8,high,门店名称与商场名称完全匹配，且距离最近仅394.4米
0a9000e8-e169-4a68-b7bf-2ab0c3d025df,Popmart,哈尔滨学府凯德店B1,哈尔滨市,黑龙江省哈尔滨市南岗区学府路1-1号学府凯德广场,MALL_E31EF8EF,凯德广场·学府,396.7,72.72727272727273,MALL_E31EF8EF,high,门店地址明确提及'学府凯德广场'，与候选商场'凯德广场·学府'名称高度匹配，且距离最近仅396.7米
5ffb4a5a-9ad8-4a38-9853-22669572816f,Longchamp,昆明恒隆精品店,昆明市,云南省昆明市盘龙区东风东路21号昆明恒隆广场,MALL_431F0EC6,金俊广场,460.8,66.66666666666667,none,high,门店地址明确指向昆明恒隆广场，但候选商场列表中无恒隆广场，所有候选商场名称与门店所在商场不匹配
b7c2927e-5469-4ee5-97e7-ca7451075c0c,Hugo Boss,BOSS大连百年城黑牌,大连市,BOSS大连百年城,MALL_A3246E4C,大连银泰城,435.0,60.0,none,high,门店名明确标注'百年城'，但候选商场列表中无匹配，所有商场名称均不含'百年城'
8ee34c38-4755-42ed-9aaf-374fcc4c649d,Hugo Boss,BOSS上海佛罗伦萨奥特莱斯,上海市,BOSS上海佛罗伦萨奥特莱斯,MALL_E5C72D3E,上海佛罗伦萨小镇(上海名品奥特莱斯),476.9,60.0,MALL_E5C72D3E,high,门店地址明确位于'佛罗伦萨奥特莱斯H14-H16'，与候选商场'上海佛罗伦萨小镇(上海名品奥特莱斯)'名称高度匹配且距离仅476.9米
2c71a95d-38ef-4d6f-82c7-0422abfc8af6,Hugo Boss,BOSS宁波杉井奥特莱斯,宁波市,BOSS宁波杉井奥特莱斯,MALL_44214D75,杉井奥特莱斯广场·宁波,505.8,70.58823529411764,MALL_44214D75,high,门店名称明确包含'杉井奥特莱斯'，与候选商场'杉井奥特莱斯广场·宁波'完全匹配，且距离最近仅505.8米
abbabf76-d398-4d16-89b8-4cdcabd0d04f,Hugo Boss,BOSS合肥砂之船奥特莱斯,合肥市,BOSS合肥砂之船奥特莱斯,MALL_81E4F39F,砂之船(合肥)奥莱,438.5,62.5,MALL_81E4F39F,high,门店名称明确包含'砂之船奥特莱斯'，与候选商场'砂之船(合肥)奥莱'名称高度匹配，且距离仅438.5米，地址信息一致
3fc77482-85c2-46f8-96f7-7b5c8b1b9e8e,Xiaomi,小米之家天津市武清区京津公路红街专卖店,天津市,杨村街道京津时尚广场,MALL_A98EC014,月佳广场,605.7,66.66666666666667,MALL_ED4FAAC0,high,门店地址明确提到'京津时尚广场'，与雍阳商城地址'京津时尚广场4号'完全匹配，且距离最近仅466.7米
cd4a96db-c70b-41f5-8878-e34a3d890471,Xiaomi,小米之家天津武清区万达广场专卖店,天津市,小米之家天津武清区万达广场,MALL_862B954D,天津武清福源万达广场,775.7,84.21052631578947,MALL_862B954D,high,门店名称明确包含'万达广场'，与候选商场'天津武清福源万达广场'名称高度匹配，且距离最近仅775米
7f94c5d9-f31b-4dc4-9b44-f0eb3976dab3,Xiaomi,小米之家山西长治潞州区金威商城专卖店,长治市,小米之家山西长治潞州区金威商城,MALL_2A973032,佳威商城,639.7,85.71428571428572,none,high,门店地址明确标注为金威商城，但候选商场列表中无金威商城，只有佳威商城（名称相似但不匹配）
20d42760-8eba-4ff6-bb78-9c174c29d322,Xiaomi,小米之家内蒙古包头青山区北京华联购物中心专卖店,包头市,小米之家内蒙古包头青山区北京华联购物中心,MALL_8AAA9975,正翔湾购物中心,759.3,72.72727272727273,none,high,门店地址明确指向北京华联包头购物中心，但候选商场列表中无此商场，无法匹配
9281f07b-0c17-43e4-b025-9f05e73fdffb,Xiaomi,小米之家辽宁沈阳苏家屯区枫杨路苏宁购物广场专卖店,沈阳市,小米之家辽宁沈阳苏家屯区枫杨路苏宁购物广场,MALL_5A0BB604,永盛休闲购物广场,560.0,66.66666666666667,none,high,门店名称和地址明确指向苏宁易购广场，但候选商场中无苏宁相关商场，且现有候选商场的名称与地址均不匹配
0b25d403-8e6e-4438-a789-a001b8bfb631,Xiaomi,小米之家辽宁大连中山区佳兆业广场专卖店,大连市,小米之家辽宁大连中山区佳兆业广场,MALL_DC563963,天和广场,541.2,66.66666666666667,none,medium,门店名称明确提及'佳兆业广场'，但候选商场列表中无匹配商场，距离最近的'天植商城'虽在同一条街上但名称不符
8b7a9308-0606-4100-b325-bbab3cadb33c,Xiaomi,小米之家锦州古塔区锦绣前程购物中心专卖店,锦州市,小米之家锦州古塔区锦绣前程购物中心,MALL_33E3BE43,青山购物中心,438.2,80.0,none,high,门店名称明确提及'锦绣前程购物中心'，但候选商场列表中无此商场，所有候选商场名称均不匹配
4fe64963-d1c6-4743-8076-acef62ff89c2,Xiaomi,小米之家吉林吉林船营区时代购物广场专卖店,吉林市,小米之家吉林吉林船营区时代购物广场,MALL_169709CF,吉林财富购物广场,539.3,66.66666666666667,none,high,门店名称中明确提到'时代购物广场'，但候选商场列表中无此名称的商场，所有候选商场名称与门店信息不匹配
47c0c9e0-8c2a-411b-a656-9031664884e9,Xiaomi,小米之家江苏南京栖霞区燕子矶万象汇专卖店,南京市,小米之家江苏南京栖霞区燕子矶万象汇,MALL_072D26BF,南京城北万象汇,761.6,60.0,MALL_072D26BF,high,门店地址明确包含'南京城北万象汇'，与候选商场名称完全匹配，且地址门牌号(栖霞大道106-108号)与门店地址(栖霞大道108号)高度一致
0ceec7b6-e9ed-49a2-806d-98ea48001726,Xiaomi,小米之家安徽宿州埇桥区苏宁专卖店,宿州市,安徽宿州市埇桥区南关街道安徽省宿州市埇桥区汴河中路苏宁广场,MALL_28D3DB49,国购广场,395.0,66.66666666666667,none,high,门店地址明确提到'苏宁广场'，但候选商场列表中无苏宁广场，所有候选商场均不匹配
7ff0f141-34f8-4df8-9414-f556d94854b8,Xiaomi,小米之家福建莆田市涵江区隆恒财富广场专卖店,莆田市,小米之家福建莆田市涵江区隆恒财富广场,MALL_1A682613,购物广场,377.9,66.66666666666667,none,high,门店名和地址明确指向'隆恒广场'，但候选商场列表中无匹配名称，最近商场'购物广场'名称过于泛化且地址不符
837d2f6a-464c-4b92-8f93-f5b4d2fe38bb,Xiaomi,小米之家江西赣州于都县鹏泰百货专卖店,赣州市,江西赣州市于都县贡江镇江西省赣州市于都县长征大道圣世广场,MALL_A63DFEEE,名盛广场,322.1,66.66666666666667,MALL_A63DFEEE,high,门店地址明确提到位于'圣世广场'，而候选商场中'名盛广场'距离最近（322米），名称与地址中的'圣世广场'高度匹配，且同在赣州市
6f80e7f4-c7eb-4c3b-89bf-8b844062dd6b,Xiaomi,小米之家山东济南历城区山大路通讯街专卖店,济南市,小米之家山东济南历城,MALL_BCA906E8,济南印象城,394.1,66.66666666666667,MALL_BCA906E8,high,距离最近（394米），且门店位于创客公园，与印象城商业定位匹配
4f04a091-b3e9-45a9-b3b7-199656011071,Xiaomi,小米之家山东青岛胶州市利群购物广场专卖店,青岛市,小米之家山东青岛胶州市利群购物广场,MALL_26F281DF,利群胶州购物广场,780.7,85.71428571428572,MALL_26F281DF,high,门店名称明确包含'胶州利群购物广场'，与候选商场'利群胶州购物广场'名称高度匹配，且距离最近仅780米
7d461a29-9243-4d91-a620-e0685a886fb2,Xiaomi,小米之家河南郑州金水区丹尼斯六天地专卖店,郑州市,小米之家河南郑州金水区丹尼斯六天地,MALL_B63979B9,丹尼斯7天地,550.3,83.33333333333334,none,high,门店地址明确指向丹尼斯六天地，但候选列表中只有丹尼斯七天地和五天地，没有六天地，无法匹配
1efc109f-7bee-48e6-84e5-7e4bf6b47d40,Xiaomi,小米之家河南郑州金水区丹尼斯二天地专卖店,郑州市,小米之家河南郑州金水区丹尼斯二天地,MALL_B63979B9,丹尼斯7天地,708.7,83.33333333333334,none,high,门店明确标注位于丹尼斯二天地，但候选商场列表中只有丹尼斯七天地、五天地，没有匹配的丹尼斯二天地
09212301-cbd3-4e44-b175-49fcf66bc77f,Xiaomi,小米之家河南郑州二七区航海路兴华街专卖店,郑州市,升龙城,MALL_0AC0C250,升龙商业广场活力1街,493.4,80.0,MALL_0AC0C250,high,门店地址中的'升龙城'与候选商场'升龙商业广场活力1街'名称高度匹配，且距离最近仅493米
f94272ec-f991-4bd2-bf1d-64e1a5b30391,Xiaomi,小米之家河南洛阳洛龙区宝龙广场专卖店,洛阳市,小米之家河南洛阳洛龙区宝龙广场,MALL_37F6F820,洛阳洛龙宝龙广场B区,738.8,84.21052631578947,MALL_87B77B77,high,门店地址明确位于宝龙城市广场A区，与候选商场POWERLONG的地址完全匹配
15e0906d-db2d-4572-aa9a-75b0dddf2fc1,Xiaomi,小米之家湖北省荆州市监利时代广场专卖店,荆州市,小米之家湖北省荆州市监利时代广场,MALL_13FA982C,天邑广场,611.4,66.66666666666667,none,high,门店名称明确包含'监利时代广场'，但候选商场列表中无匹配名称，最近商场距离虽近但名称不符
1812e794-85c7-4090-9603-09c1656035b6,Xiaomi,小米之家湖南衡阳石鼓区解放路莲湖广场专卖店,衡阳市,小米之家湖南衡阳石鼓区解放路莲湖广场,MALL_6871AA67,潮湖二维码广场,489.5,60.0,MALL_75D96CD0,high,门店名称明确提到'莲湖广场'，且位于解放路194号，与美达·新天地（解放路48号）在同一街道且距离仅516米，地理位置匹配度高
0496c673-8664-4bd3-8582-183faa6c23fb,Xiaomi,小米之家广东惠州惠阳区乐兴购物广场专卖店,惠州市,小米之家广东惠州惠阳区乐兴购物广场,MALL_18F03139,永悦城购物广场,424.3,72.72727272727273,none,high,门店名称明确提及'乐兴购物广场'，但候选商场列表中无此商场，距离最近的永悦城购物广场(424米)名称不匹配
9e301951-d12b-4d88-a167-a1fe1d91da93,Xiaomi,小米之家广东东莞东城街道世博广场专卖店,东莞市,小米之家广东东莞东城,MALL_B6C82ECF,东莞东城万达广场,489.3,66.66666666666667,MALL_B6C82ECF,high,门店地址明确提及'世博广场'，与候选商场中'东莞东城万达广场'距离最近仅489米，且同在'东城街道'区域，匹配度高
f839cc7f-03ef-491f-a30c-8871c1af005b,Xiaomi,小米之家海南海口龙华区友谊商业广场专卖店,海口市,小米之家海南海口龙华区友谊商业广场,MALL_C6C66D94,多宝利商业广场,388.0,72.72727272727273,none,medium,门店名称明确指向'友谊商业广场'，但候选商场列表中无匹配项，最近的商场距离虽近但名称不符
a967ba10-9c22-413e-af7d-b795bd8a01ee,Xiaomi,小米之家重庆万州区福斯德广场电信千耀专区店,重庆市,小米之家重庆万州区福斯德广场,MALL_26F5B3B6,万达广场,387.6,66.66666666666667,none,high,门店地址明确指向福斯德广场，但候选商场列表中无此商场，且其他商场名称均不匹配
51863e40-8526-4e15-be57-9e25fae6cbd4,Xiaomi,小米之家重庆黔江区小广场专卖店,重庆市,小米之家重庆黔江区小广场,MALL_3E40E977,小时代广场,496.3,75.0,MALL_3E40E977,high,门店名称含'小广场'，候选商场'小时代广场'名称高度匹配且距离最近（496米）
8db0a96f-ffbb-41cb-94fe-166194c39e1e,Xiaomi,小米之家重庆万州区福斯德广场专卖店,重庆市,小米之家重庆万州区福斯德广场,MALL_26F5B3B6,万达广场,400.1,66.66666666666667,MALL_4C6F209D,high,门店地址为太白路99号福斯德广场，与候选商场'摩登·星乐荟'地址太白路94号位置最为接近，且名称中的'福斯德广场'与'星乐荟'可能为同一商业体不同称呼
a9f11ef6-f07b-4d85-96cb-b44c4e0a828a,Xiaomi,小米之家重庆黔江区小广场移动光渝专卖店,重庆市,小米之家重庆黔江区小广场,MALL_3E40E977,小时代广场,430.6,75.0,MALL_3E40E977,high,门店名称包含'小广场'，与'小时代广场'名称高度匹配，且距离最近仅430米
91b78347-0c45-4042-b28f-05bcbc7e66f1,Xiaomi,小米之家重庆万州区福斯德移动迈航专卖店,重庆市,重庆市万州区太白路福斯德广场,MALL_26F5B3B6,万达广场,350.1,66.66666666666667,none,high,门店地址明确位于福斯德广场，但候选商场列表中无福斯德广场，其他商场均不匹配
bf654a29-6eb0-4f1e-8913-549367535135,Xiaomi,小米之家重庆江北区赛博专卖店,重庆市,重庆市江北区观音桥步行街赛博数码广场,MALL_1903C46F,星天广场,471.3,66.66666666666667,none,high,门店地址明确提到位于'赛博数码广场'，但候选商场列表中无此商场，最近的龙湖重庆北城天街距离410米但并非赛博数码广场
9b012a44-445d-4f77-ac21-ff054ed4fe5b,Xiaomi,小米之家四川自贡荣县天宇财富广场专卖店,自贡市,小米之家四川自贡荣县天宇财富广场,MALL_7DC77025,星河广场,462.1,66.66666666666667,MALL_7DC77025,high,门店名称含'天宇财富广场'，距离最近的星河广场仅462米，且位于同一城市自贡市，匹配度高
45eea721-a7f7-48dd-9972-f128213095e7,Xiaomi,小米之家贵州贵阳花溪区北大资源缤纷广场专卖店,贵阳市,小米之家贵州贵阳花溪区北大资源缤纷广场,MALL_FFCE3DE0,海纳广场,331.2,66.66666666666667,none,high,门店名称明确提及'北大资源缤纷广场'，但候选商场中无此名称，最近的海纳广场距离331米但名称不匹配
2a960b09-849a-4292-a325-922562b86c83,Xiaomi,小米之家陕西汉中汉台区万邦时代广场专卖店,汉中市,小米之家陕西汉中汉台区万邦时代广场,MALL_D6D039A8,现代国际广场,559.6,66.66666666666667,none,high,门店名称中明确提到'万邦时代广场'，但候选商场列表中无此商场，且所有候选商场的距离虽然较近但名称不匹配
fcc21bed-0543-4635-971b-3592658415b7,Xiaomi,小米之家新疆乌鲁木齐天山区中山路汇嘉专卖店,乌鲁木齐市,小米之家新疆乌鲁木齐天山区中山路汇,MALL_5928532F,天山百货(中山路),636.0,62.5,MALL_7168B725,high,门店地址明确标注为'汇嘉时代专卖店'，与候选商场'汇嘉时代'名称完全匹配
a8f4e23f-1d46-4a47-a7e6-bdfd8b37d0b7,Xiaomi,小米之家新疆哈密市伊州区领先购物广场专卖店,哈密市,小米之家新疆哈密市伊州区领先购物广场,MALL_FE315CC6,哈密领先购物广场,661.3,85.71428571428572,MALL_FE315CC6,high,门店名称明确包含'领先购物广场'，与候选商场'哈密领先购物广场'名称完全匹配，且距离最近仅661米
8c1dceac-5429-4bcf-8873-b626e11ab77c,vivo,vivo官方授权体验店（黄山歙县鸿基商店）,黄山市,安徽省黄山市歙县鸿基商贸城,MALL_C45C4044,河西义乌商贸城,580.6,60.0,none,high,门店地址明确位于鸿基商贸城，但候选商场列表中无鸿基商贸城，且所有候选商场名称与门店位置不匹配
400291c4-de25-435b-8f1c-3f96e9359323,vivo,vivo官方授权体验店（宿州埇桥苏宁广场店）,宿州市,vivo官方授权体验店（宿州埇桥苏宁广场,MALL_28D3DB49,国购广场,539.8,66.66666666666667,none,high,门店名称明确指向苏宁广场，但候选商场列表中无苏宁广场，所有候选商场均不匹配
c1b2456b-ba39-409c-ad29-dba727e71d12,vivo,vivo专卖店（嘉峪关联通广场店）,嘉峪关市,vivo专卖店（嘉峪关联通广场,MALL_8C7ADB3F,嘉德广场,415.0,66.66666666666667,MALL_8C7ADB3F,high,门店名称含'联通广场'，候选列表中仅嘉德广场距离最近（415米）且同在新华南路，地址匹配度高
ec44f666-fc46-49db-b36f-d44b183214d4,vivo,vivo官方授权体验店（玉门益旺国际店）,酒泉市,甘肃省酒泉市玉门市新市区玉关路1号益旺国际购物广场,MALL_270CECBF,新玉门购物广场,682.1,72.72727272727273,none,high,门店地址明确指向'益旺国际购物广场'，但候选商场列表中无此商场，且其他商场名称均不匹配
0ad0f8a3-8bdb-47c0-b120-557915c587fc,vivo,vivo官方授权体验店（龙华壹方天地购物中心店）,深圳市,vivo官方授权体验店（龙华壹方天地,MALL_45A4FAFE,壹方天地B区,378.1,80.0,MALL_45A4FAFE,high,门店名称明确标注为'壹方天地A区'，而候选商场中最匹配的'壹方天地B区'距离最近仅378米，属于同一商业综合体不同区域
36a502c5-46a8-44e1-a722-88edbbfe6772,vivo,vivo官方授权体验店（盐田壹海城店）,深圳市,vivo官方授权体验店（盐田壹海城,MALL_B92A0190,碧海城,408.6,80.0,MALL_37007321,high,门店地址明确提及位于壹海城·ONEMALL，候选商场'壹海道'名称匹配度高且距离最近（326.2米）
93d01229-d3a6-4d03-be8a-4df2a27b7de3,vivo,vivo官方授权体验店（崇阳老码头体验店）,咸宁市,天城,MALL_39BEA8B3,崇阳紫金商贸城,454.9,66.66666666666667,MALL_0FC68115,high,门店地址'天城镇民主路1-3号'与崇阳商厦地址'天城镇民主路50号'位于同一条路且距离最近（304米），匹配度最高
210a1910-4759-4a94-86f7-b67353560c98,vivo,vivo官方授权体验店（孝感孝南吾悦体验店）,孝感市,湖北省孝感市孝南区孝感开发区槐荫街道孝感吾悦广场,MALL_B02D1795,孝感崇文广场,443.2,66.66666666666667,none,high,门店名称明确标注为'孝感吾悦广场'，但候选列表中无吾悦广场，最近的孝感崇文广场距离443米但不匹配
f14a9e8f-0aa4-48e2-9da8-2d5cfeefa373,vivo,vivo专卖店（怀化会同店）,怀化市,湖南省怀化市会同县林城,MALL_04BFBC0D,会同县商贸城,337.5,72.72727272727273,MALL_04BFBC0D,high,门店地址中的'将军中路金惠花园'与商场地址'会同县商贸城中国农业银行(会同营业部)'地理位置相近，距离仅337.5米，且商贸城名称与专卖店定位匹配
d70fa3c7-6b77-4982-b2d6-2f234f19f49b,vivo,vivo官方授权体验店（南京浦口弘阳广场店）,南京市,vivo官方授权体验店（南京浦口弘阳广场,MALL_72C19E4E,南京弘阳广场C馆,371.2,75.0,MALL_72C19E4E,high,门店名称明确包含'弘阳广场'，且候选商场中'南京弘阳广场C馆'距离最近(371.2米)，地址与门店地址完全匹配
b97b6ec7-fe91-4e66-a7e0-d214f684dcc8,vivo,vivo官方授权体验店（南昌红谷滩万象新天地店）,南昌市,vivo官方授权体验店（南昌红谷滩万象新天地,MALL_6E0DECF5,地铁·更新天地,422.4,60.0,none,high,门店名称明确标注为'万象新天地店'，但候选商场列表中无'万象新天地'或'万象天地'，所有候选商场名称均不匹配
33fec17d-dc3a-46e8-bd6b-68c09d03de6f,vivo,vivo官方授权体验店（丰城解放南路四店）,宜春市,vivo官方授权体验店（丰城,MALL_8834DB87,恒丰商城,613.8,66.66666666666667,MALL_44527877,medium,门店地址'解放南路29号'与恒丰时代广场地址'建设路133号'地理位置相近，且距离仅464.6米，是最接近的门店位置。虽然无法完全确认是否为商场内店铺，但基于位置匹配度最高。
b06e21c9-4233-4467-8d83-abd2bccd3280,vivo,vivo官方授权体验店（西安首创未央里店）,西安市,vivo官方授权体验店（西安首创未央里,MALL_5B0C0BEE,首创禧悦里,357.2,60.0,MALL_5B0C0BEE,high,门店名称含'首创未央里'，候选商场'首创禧悦里'名称高度匹配且距离最近（357米），地理位置一致
b83adb2c-7176-484a-859c-e252d622079a,vivo,vivo专卖店（凤鸣北街店）,眉山市,四川省眉山市彭山区凤鸣街道北街龙腾商城,MALL_759C67E5,彭祖商城,489.9,66.66666666666667,MALL_759C67E5,high,门店地址明确提到位于龙腾商城，而彭祖商城距离最近仅489米，且都位于彭山区北街/西街商圈，地理位置匹配度高
918120f9-d0bf-4c45-84c8-3c7bdd54a06e,vivo,vivo专卖店(绵阳临园路店）,绵阳市,绵阳涪城,MALL_808A5794,绵阳商场,511.5,66.66666666666667,MALL_808A5794,high,门店地址包含'临园路'，该商场位于'临园路东段'，地址匹配度高，距离仅511米
adc4c29e-2e20-4796-a43e-696bb61d4203,vivo,vivo专卖店（莎车城西街道店）,喀什地区,vivo专卖店（莎车城,MALL_3C41B66D,莎车商贸城,377.2,75.0,MALL_AE7D47B1,high,时代购物中心距离最近（317米），且购物中心名称与vivo专卖店类型匹配度高
d3d31c00-fb47-422e-8b56-e3064014625b,vivo,vivo官方授权体验店（昆明盘龙恒隆店）,昆明市,云南省昆明市盘龙区拓东街道恒隆广场,MALL_431F0EC6,金俊广场,418.1,66.66666666666667,none,high,门店地址明确指向恒隆广场，但候选商场列表中未包含恒隆广场
6766946f-3c67-4e05-987d-0ceaa1cbe51c,vivo,vivo官方授权体验店（北仑富邦店）,宁波市,浙江省宁波市北仑区新碶街道富邦世纪广场,MALL_159F887B,富邦世纪商业广场B区,343.9,75.0,MALL_159F887B,high,门店地址明确提及富邦世纪广场，与候选商场'富邦世纪商业广场B区'名称高度匹配，且距离最近仅343.9米
727219ff-701b-40d6-8dc1-542ce84ab18c,vivo,vivo官方授权体验店（路桥会展店）,台州市,浙江省台州市路桥区路北街道玉宏半岛花园刚泰·艺鼎广场,MALL_ECF11968,银都广场,336.3,66.66666666666667,MALL_ECF11968,medium,门店地址中的'刚泰·艺鼎广场'与'银都广场'距离最近（336米），且都在路桥区，虽然名称不完全匹配但地理位置最接近
064fad77-ddc0-43fc-b018-9cb8c4f9b837,Apple Authorized,天信电子天水万达广场店,天水市,天信电子天水万达广场,MALL_C6D18CB4,天水秦州万达广场,470.5,85.71428571428572,MALL_C6D18CB4,high,门店名称包含'天水万达广场'，与候选商场'天水秦州万达广场'名称高度匹配，且距离仅470米，地址均在岷山路
4ce24348-80a0-4ef9-a7c4-83b75ce63e36,Apple Authorized,旺通恒兴平凉旺通数码店,平凉市,甘肃省平凉市泾阳中路166号金润国际购物中心,MALL_53855FFB,金润国际购物中心,375.2,100.0,MALL_53855FFB,high,门店地址明确提到位于金润国际购物中心，与候选商场名称完全匹配，且距离最近（375米）
f1551796-0958-4d27-b466-a794731a0f61,Apple Authorized,楚星电子庆阳镇原社区店,庆阳市,甘肃省庆阳市镇原县新一代巷好又多购物中心,MALL_17F5E4A4,新万达购物中心,675.5,72.72727272727273,MALL_17F5E4A4,high,门店地址中明确提到'好又多购物中心'，候选商场中'新万达购物中心'名称相似度最高，且距离适中（675.5米）
cfc46b9f-bc33-4f29-b196-eb32de16bb87,Apple Authorized,酷动西安凯德新地城店,西安市,酷动西安凯德新地城,MALL_D93CE6D2,凯德广场·新地城,455.3,76.92307692307692,MALL_D93CE6D2,high,门店地址明确位于凯德广场新地城01层16号，与候选商场'凯德广场·新地城'名称和地址完全匹配
ad6d996a-568a-4f03-80f5-e6496aa40999,Apple Authorized,信义电子西安高陵隆发时代广场店,西安市,信义电子西安高陵隆发时代广场,MALL_B9D1AF0E,高川广场,304.0,66.66666666666667,MALL_B9D1AF0E,high,门店地址明确位于隆发时代广场，与候选商场'高川广场'距离仅304米且地址描述一致（上林一路与鹿苑大道交叉口），地理位置高度匹配
adf763d7-f87f-4e62-9dd0-e4aac4ebb67f,Apple Authorized,SUNPIE尚派正品银川新华百货宁阳广场店,银川市,SUNPIE尚派正品银川新华百货宁阳广场,MALL_86241F62,银川新百宁阳广场店,340.3,77.77777777777779,MALL_86241F62,high,门店地址明确提到位于新华百货宁阳广场，且候选商场中该商场的名称和地址与门店信息高度匹配
6b1f8f26-0de4-4509-9a15-a7336e519aa9,Apple Authorized,酷莱仕科技绵阳三台松花井店,绵阳市,四川省绵阳市三台县松花井1号宏达东门里,MALL_0EEB898E,东门里购物广场,431.6,60.0,MALL_0EEB898E,high,门店地址中的'宏达东门里'与候选商场'东门里购物广场'名称高度匹配，且距离最近仅431米，位置信息完全吻合
69243c49-d064-4188-8c57-369a01df1169,Apple Authorized,SUNPIE尚派正品成都金牛万达广场店,成都市,SUNPIE尚派正品成都金牛万达广场,MALL_BFC04371,苏宁百货,439.5,69.56521739130434,MALL_BFC04371,high,门店地址明确位于'一环路北三段1号金牛万达广场1F层1051B'，与苏宁百货地址'一环路北三段1号'完全一致，且距离最近
6c665521-1c6b-4b64-a3f0-dd9bd9b6ca33,Apple Authorized,SUNPIE尚派正品榆林万达广场店,榆林市,SUNPIE尚派正品榆林万达广场,MALL_323C7389,榆林榆阳万达广场,413.5,85.71428571428572,MALL_323C7389,high,门店名称明确包含'榆林万达广场'，且候选商场中'榆林榆阳万达广场'距离最近仅413米，名称匹配度高
9e9fabbb-6e71-4293-af32-543c9bfb9114,Apple Authorized,正和鸿浩榆林榆阳K01榆星广场JXYD店,榆林市,正和鸿浩榆林榆阳K01榆星广场,MALL_D1EF1E04,榆星优品广场,475.0,80.0,MALL_D1EF1E04,high,门店地址中的'榆星广场'与候选商场'榆星优品广场'名称高度匹配，且地址均为文化南路45号，距离最近
504a48ac-2b1c-450a-bf15-b75e8011a43a,Apple Authorized,德来科技重庆云阳滨江购物公园店,重庆市,德来科技重庆云阳滨江购物公园,MALL_EEF32153,滨江购物公园·A馆,465.2,80.0,MALL_EEF32153,high,门店名称明确包含'滨江购物公园'，与候选商场'滨江购物公园·A馆'名称高度匹配，且距离很近仅465米
76088e56-b246-49a9-b07f-0e61dddcd44d,Apple Authorized,Apple 重庆北城天街,重庆,Apple 重庆北城,MALL_75E160FB,龙湖重庆北城天街,464.3,66.66666666666667,MALL_75E160FB,high,门店名称明确包含'北城天街'，与候选商场'龙湖重庆北城天街'名称高度匹配，且距离最近
23ac262e-8233-494f-b586-81fca78586c5,Apple Authorized,FAST LEAP重庆南坪星光广场店,重庆市,FAST LEAP重庆南坪星光广场,MALL_90B474DB,协信星光时代广场,436.7,66.66666666666667,MALL_90B474DB,high,门店地址明确位于协信星光时代广场4F-028，与候选商场协信星光时代广场名称完全匹配，且距离最近仅436.7米
e36f2173-c173-417a-a16f-67ea6a579370,Apple Authorized,酷联商贸南阳内乡社区店,南阳市,河南省南阳市内乡县渚阳大道万德隆购物广场,MALL_99A84FA7,财富广场,328.5,66.66666666666667,none,high,门店地址明确位于万德隆购物广场，但候选商场列表中无此商场，所有候选商场名称与万德隆购物广场不匹配
a6db011b-78c6-4587-b45e-9ecd12fc21ec,Apple Authorized,泽宏重庆綦江新世纪店,重庆市,重庆市綦江区九龙大道47号新世纪广场,MALL_E576D640,女人广场,487.2,66.66666666666667,MALL_5F734AB0,high,门店地址中的'新世纪广场'与候选商场'时代商场'地理位置高度匹配，且距离最近仅307米，同在九龙大道上
1a9e00c0-4b84-478b-97f1-b32207132824,Apple Authorized,襄阳庆来老河口武商购物广场YOORXN店,襄阳市,襄阳庆来老河口武商购物广场,MALL_F4B0279C,武商老河口购物广场,634.9,80.0,MALL_F4B0279C,high,门店地址明确提到'武商购物广场一层'，与候选商场'武商老河口购物广场'名称高度匹配，距离634.9米合理
57b74bbc-41b0-4ce3-b3df-164f66c41dd8,Apple Authorized,居然智慧家包头华联店,包头市,内蒙古包头市青山区钢铁大街7号北京华联购物中心,MALL_8AAA9975,正翔湾购物中心,449.6,72.72727272727273,none,high,门店地址明确指向'北京华联购物中心'，但候选商场列表中无此商场，所有候选商场名称均不匹配
83a5ad8e-a793-43e7-bd63-60f020f5d37c,Apple Authorized,云海商贸阳泉滨河新天地店,阳泉市,云海商贸阳泉滨河新天地,MALL_C05D46FE,北国商城(阳泉滨河新天地广场东),532.8,72.72727272727273,MALL_C05D46FE,high,门店地址明确位于'滨河新天地商业广场北国商城一层'，与候选商场'北国商城(阳泉滨河新天地广场东)'名称高度匹配，且距离最近仅532.8米
f4a8818c-2494-4d95-800a-8e10181b36ae,Apple Authorized,EWAY亿维开封万达店,开封市,河南省开封市龙亭区郑开大道9号开封万达广场,MALL_849EE454,万达广场(开封),498.2,66.66666666666667,MALL_849EE454,high,门店地址明确包含'开封万达广场'，且候选万达广场距离最近仅498米，名称和地理位置完全匹配
76bfae69-e8b2-4c17-a959-cccc7b7f6545,Apple Authorized,酷果星创昭通昭阳吾悦广场益华通讯店,昭通市,酷果星创昭通昭阳吾悦广场,MALL_493A1D4E,昭通吾悦广场,321.3,83.33333333333334,MALL_493A1D4E,high,门店名称和地址均明确指向吾悦广场，且距离最近仅321米，完美匹配
f95d5bb8-0dc3-406f-843d-676939a3aade,Apple Authorized,酷动邯郸万达广场店,邯郸市,酷动邯郸万达广场,MALL_EFA895AF,邯山万达广场,485.8,83.33333333333334,MALL_EFA895AF,high,门店名称明确包含'万达广场'，与候选商场'邯山万达广场'名称高度匹配，且距离最近仅485.8米
cec4e7f8-bb44-4066-b774-ee8c76db40c8,Apple Authorized,孝感诚丰阳光通信城广场店,孝感市,孝感诚丰阳光通信城,MALL_EC190BCB,孝感商场,613.8,66.66666666666667,none,high,门店地址明确位于宇济时代广场，而候选商场均非该广场，距离最近的商场也有477米，匹配度低
441ff7c5-8940-438f-9cdd-3789efdfdc87,Apple Authorized,FAST LEAP贵阳亨特城市广场店,贵阳市,FAST LEAP贵阳亨特城,MALL_557E1B69,贵阳亨特国际店,477.8,66.66666666666667,MALL_5E06049E,high,门店地址中的'亨特城市广场'与商场名称'亨特CITY MALL'及地址'文昌南路33号'完全匹配，距离最近
476f558f-2b15-4ef6-979c-5cdf637f1018,Apple Authorized,佳海电子攀枝花万达Jiahai店,攀枝花市,四川省攀枝花市炳三区万达广场,MALL_058DD96F,攀枝花东区万达广场,425.6,71.42857142857143,MALL_058DD96F,high,门店地址明确提及'万达广场室内步行街'，与候选商场'攀枝花东区万达广场'名称高度匹配，且距离最近仅425.6米
18d7a2f7-ee81-460f-ab94-fb8a95a48e3b,Apple Authorized,银瑞太和镜湖中路联通店,阜阳市,安徽省阜阳市太和县镜湖中路南侧22号古玩城,MALL_68F178BF,安徽百太,303.2,66.66666666666667,MALL_68F178BF,high,门店地址位于镜湖中路古玩城，与安徽百太距离最近（303米），且门店类型为商场内店铺，匹配度最高
0ce136b4-04b7-40d5-99fb-ee657937664b,Apple Authorized,居然之家保定未来石店,保定市,河北省保定市莲池区七一东路1999号万达广场,MALL_B5B19FCA,万达广场,404.8,100.0,MALL_B5B19FCA,high,门店地址明确位于万达广场内，且距离最近（404.8米），名称和地址完全匹配
7e8c9345-4eb2-4f0e-80b9-8a88230a274a,Apple Authorized,太通商贸济宁汶上利客来购物广场店,济宁市,太通商贸济宁汶上利客来购物广场,MALL_8340D87F,新都购物广场,480.0,80.0,none,high,门店地址明确指向利客来购物广场，但候选商场列表中无此商场，且其他商场名称与门店地址不匹配
3639acd2-d0e2-40ed-a2a1-66dc3bfd46db,Apple Authorized,EWAY亿维济宁运河城店,济宁市,EWAY亿维济宁运河城,MALL_95C0627E,运河城商业摩尔,455.4,60.0,MALL_95C0627E,high,门店名称含'运河城'，地址明确为'运河城负一楼'，与候选商场'运河城商业摩尔'名称高度匹配，距离仅455米
bba5af8a-4c55-4cdc-bb5a-d159d16f8878,Apple Authorized,SUNPIE尚派正品曲靖美佳华店,曲靖市,云南省曲靖市麒麟区交通路2号美佳华麒麟商业广场,MALL_84161DF4,美·麒麟商业中心,376.2,62.5,MALL_84161DF4,high,门店地址明确提到'美佳华麒麟商业广场'，与候选商场'美·麒麟商业中心'名称高度匹配，且距离仅376米
982cd6ef-92d4-45f9-b85a-e387ed1f3348,Apple Authorized,浠水县闽通手机广场,黄冈市,浠水县闽通手机广场,MALL_7F54617A,天龙广场,539.2,66.66666666666667,MALL_8D20F02B,high,门店地址明确位于'闽通手机广场'，而新金丰购物广场距离最近(459米)，且同在'新华正街'，地址信息高度匹配
af3d660c-1b4a-4fb0-b1de-041a4a5c0288,Apple Authorized,宁津德百德州宁津县德百广场店,德州市,宁津德百德州宁津县德百广场,MALL_1F1895FB,宁津德百广场7,636.8,85.71428571428572,MALL_1F1895FB,high,门店名称与商场名称高度匹配，距离最近（636.8米），且地址信息一致
016c5470-8de4-4d9e-83a2-08fe862355e0,Apple Authorized,嘉怡通信泰安银座商场齐鲁店,泰安市,山东省泰安市泰山区岱宗大街249号银座商城,MALL_508B3BBF,格林商城,477.2,66.66666666666667,MALL_508B3BBF,high,门店地址明确位于银座商城F1-0042，而格林商城与银座商城地址同为岱宗大街249号，距离最近仅477米，名称和地址高度匹配
5f8b02a3-f059-4657-bbfd-353647c74160,Apple Authorized,中城通讯九江修水县联盛广场店,九江市,中城,MALL_35DD47DB,横杭商贸城,755.2,66.66666666666667,MALL_75C65880,high,门店地址明确提及'联盛广场'，候选商场中'联盛购物广场东区'名称高度匹配且距离最近（488米）
d8e861c3-4ab1-4b98-b30b-43a9207ea417,Apple Authorized,聚之林通信淮南寿县时代广场店,淮南市,聚之林通信淮南寿县时代广场,MALL_25FC29FE,正豪时代广场,486.2,80.0,MALL_25FC29FE,high,门店地址中明确提到'时代广场1-03'，且候选商场'正豪时代广场'名称匹配度高，距离仅486米，地址描述'十字街向东80米'与门店地址完全一致
d391a1df-176a-44e2-bbd1-398d68095d39,Apple Authorized,萧童电子滨州邹平店,滨州市,山东省滨州市邹平县黛西街道办事处黄山二路8号银座商城,MALL_E409DE0A,银座商城,579.3,100.0,MALL_E409DE0A,high,门店地址明确提及'银座商城一楼'，与候选商场'银座商城'名称完全匹配，距离579.3米合理
6e790367-3403-4164-9e87-f7ce8b300a99,Apple Authorized,锐通通讯天津武清福源道万达广场锐通科技店,天津市,锐通通讯天津武清福源道万达广场,MALL_862B954D,天津武清福源万达广场,459.8,90.0,MALL_862B954D,high,门店名称和地址均明确指向万达广场，且与候选商场'天津武清福源万达广场'名称高度匹配，地址完全一致，距离仅459.8米
d7c1d714-b52e-4adf-8b95-4a0608dbaaf7,Apple Authorized,好望角宿迁宿城宝龙广场店,宿迁市,好望角宿迁宿城,MALL_4A701118,城投生活广场,453.3,61.53846153846154,none,high,门店地址明确指向宝龙广场，但候选商场列表中无匹配项
52a9036f-03b6-4f3b-a5c7-0012b7106d4f,Apple Authorized,新胜南昌武商广场店,南昌市,新胜南昌武商广场,MALL_5CF8AD41,万达广场,740.6,66.66666666666667,none,high,门店名称明确包含'武商广场'，但候选商场列表中无匹配项，最近的IM盈石广场距离309米但名称不符
1bd67543-fdf0-4df9-9fbd-0dd1a68b81b4,Tesla,滁州苏宁广场城市展厅,滁州市,滁州苏宁广场,MALL_E7A68862,水石广场,689.9,66.66666666666667,none,high,门店名称明确标注为'滁州苏宁广场城市展厅'，但候选商场列表中无'苏宁广场'，所有候选商场均不匹配
fe5610e9-aac0-4f10-ba8e-e1bc2fe67c96,Tesla,苏州相城特斯拉中心,苏州市,苏州相城,MALL_E07A9BA5,苏州高铁新城文体商业中心,461.2,66.66666666666667,MALL_E07A9BA5,high,距离最近且名称匹配度高，苏州高铁新城文体商业中心位于相城大道，与门店地址相城区太阳路2266号地理位置相符
03954244-9533-468c-be81-745102c6c1bd,Li Auto,理想汽车慈溪爱琴海零售展厅,宁波,宁波市慈溪市浙江省宁波市慈溪市爱琴海购物公园,MALL_F119F438,慈溪环创爱琴海购物中心,348.4,66.66666666666667,MALL_F119F438,high,门店地址明确位于爱琴海购物公园，与候选商场'慈溪环创爱琴海购物中心'名称高度匹配，且距离最近仅348米
94c9349e-4674-4f5f-936a-d7e6321b44e2,Li Auto,理想汽车揭阳环市北路零售展厅,揭阳,广东省揭阳市榕城,MALL_1176C358,揭阳榕城万达广场,407.6,66.66666666666667,MALL_1176C358,high,门店位于商场内且距离仅407米，品牌为理想汽车适合在大型购物中心设店，万达广场符合其定位
2a99c951-4595-4811-88a0-b5914f0eab82,Li Auto,理想汽车九江花园城零售展厅,九江,理想汽车九江花园城,MALL_D3532B77,招商花园城,404.9,75.0,MALL_D3532B77,high,门店名称和地址均明确指向招商花园城，距离仅404.9米，匹配度最高
e127a5bf-0cf0-447c-938b-5e26ea27b3a3,Li Auto,理想汽车宿州苏宁广场零售展厅,宿州,理想汽车宿州苏宁广场,MALL_28D3DB49,国购广场,468.2,66.66666666666667,none,high,门店名称明确标注为'苏宁广场'，但候选商场列表中无苏宁广场，所有商场名称均不匹配
2f5e2885-1561-45bc-b5a9-a4d0afe3ccfb,Li Auto,理想汽车济南西城龙湖零售展厅,济南,理想汽车济南西城,MALL_02AFDD43,龙湖济南西城天街,422.5,66.66666666666667,MALL_02AFDD43,high,门店名称含'西城龙湖'，地址与龙湖济南西城天街完全匹配，距离仅422米，是最佳匹配
adc5167a-856a-46e9-a43a-f2ff82a50ad4,Li Auto,理想汽车南京弘阳广场零售展厅,南京,理想汽车南京弘阳广场,MALL_72C19E4E,南京弘阳广场C馆,338.6,85.71428571428572,MALL_72C19E4E,high,门店名称明确包含'弘阳广场'，且候选商场中'南京弘阳广场C馆'名称完全匹配，距离仅338米，地址一致
0b94e367-97dc-4aff-808b-ee737c69980a,Huawei,北京市石景山区鸿蒙智行授权用户中心北京首钢园中益德诚店,Beijing,北京市石景山区鸿蒙智行授权用户中心,MALL_286CCC10,购物中心,691.2,66.66666666666667,MALL_4990C308,high,门店地址位于汽车贸易服务园区，京西大悦城距离最近（416米），且为大型商业综合体，适合华为授权用户中心入驻
b994f9b2-1025-480a-a651-9ad54658e0de,Huawei,上海市静安区晶品购物中心直值华为授权体验店,Shanghai,上海市静安区晶品购物中心,MALL_85425620,金鹰国际购物中心,399.6,66.66666666666667,none,high,门店地址明确为'晶品购物中心'，但候选商场列表中无名称匹配的商场，所有候选商场名称均与门店地址不符
0e842753-f843-4b07-9a16-aacfeca07437,Huawei,上海市长宁区南丰城耀煜华为授权体验店,Shanghai,上海市长宁区南丰城,MALL_49234E35,上海长宁来福士广场-西区,408.1,61.53846153846154,none,high,门店地址明确指向南丰城，但候选列表中无南丰城，只有长宁来福士等商场，均不匹配
753b81d1-4dd2-48cd-a1f2-a679d75c484d,Huawei,重庆市江北区观音桥步行街赛博数码广场茂欣灵合作店,Chongqing,重庆市江北区观音桥步行街赛博数码广场,MALL_1903C46F,星天广场,496.8,66.66666666666667,none,high,门店地址明确位于'赛博数码广场'，但候选商场列表中均无此商场，最近商场距离也超过400米，无法匹配
6ef4b3cf-e286-40d0-8c32-9709a493d31e,Huawei,广州市天河区颐高数码畅通合作店,Guangzhou,广东省广州市天河区天河路490颐高数码广场,MALL_A6593B89,天娱广场,349.3,66.66666666666667,MALL_A6593B89,high,门店地址明确提及'颐高数码广场'，而天娱广场距离最近且位于同一区域，符合数码产品零售场景
ccaa8a68-d827-4107-a088-2b7e7d9fc161,Huawei,鸿蒙智行尚界用户中心•佛山桂澜路,Foshan,鸿蒙智行尚界用户中心,MALL_C38EE53C,金铂中心,451.4,66.66666666666667,MALL_C38EE53C,high,金铂中心距离最近（451米），且同在桂城街道，地理位置匹配度高
6f4d3cdb-df2f-4deb-9284-acfc7390e049,Huawei,南京市鼓楼区南瑞路宜悦里都比比合作店,Nanjing,南京市鼓楼区南瑞路宜悦里,MALL_CD33E6FD,南京商厦,799.4,66.66666666666667,none,high,门店地址明确提到位于'宜悦里一楼'，但候选商场列表中无'宜悦里'相关商场，最近的先锋奥特莱斯商场虽距离仅422米，但名称不匹配，无法确认是否为同一商场
bb1f032f-454a-47a8-9396-19dd638e607b,Huawei,华为旗舰店•南京万象天地,Nanjing,华为旗舰店•南京万象天地,MALL_27BB828C,茂业天地,539.1,66.66666666666667,none,high,门店名称明确标注为'南京万象天地'，但候选商场列表中无此商场，所有候选商场名称均不匹配
18029016-9119-4f34-8949-29d7c52b145d,Huawei,南京市浦口区泰山街道柳州东路飞豹苏宁环球电信合作厅,Nanjing,江苏省南京市浦口区柳州东路1号苏宁环球百货一楼门面移动飞豹手机连锁（天润广场,MALL_FBE2C721,鸿利广场,422.8,66.66666666666667,none,high,门店地址明确提及位于'苏宁环球百货'，但候选商场列表中无此商场，且所有候选商场名称与门店描述不匹配
8b77b5b0-dde9-40fa-bd15-cb26fd951787,Huawei,江苏省南京市栖霞区仙林金鹰都比比华为授权体验店,Nanjing,江苏省南京市栖霞区学海路1号仙林金鹰湖滨天地,MALL_42E8832B,金鹰湖滨天地,731.4,100.0,MALL_B4B10393,high,门店地址明确位于金鹰湖滨天地B区，与候选商场B区名称完全匹配
f1168628-9d59-46ff-aaa3-6e9df7efe62f,Huawei,南京市浦口区江浦街道中圣街亚欧移动卖场,Nanjing,江苏省南京市浦口区江浦街道中圣街文峰购物中心,MALL_0F0D5B79,金浦购物中心,405.0,80.0,MALL_0F0D5B79,high,门店地址明确提及'文峰购物中心'，而候选商场'金浦购物中心'距离最近（405米），且名称相似度高，很可能为同一商场或相邻位置
29e74bae-f043-48de-b9a3-636033815667,Huawei,湖北省武汉市东西湖区中百广场广通华为授权体验店,Wuhan,湖北省武汉市东西湖区中百广场,MALL_8095FD15,东西湖中心广场,442.4,71.42857142857143,none,high,门店名称中明确提及'中百广场'，但候选商场列表中无此商场，所有候选商场名称与门店信息不匹配
ad90ceed-a788-4506-9457-fb632872e768,Huawei,成都市锦江区创意山商业中心云熙合作店,Chengdu,成都市锦江区创意山商业中心,MALL_8968ADC8,成都锦江大融城,496.4,66.66666666666667,MALL_8968ADC8,high,门店地址明确位于创意山商业中心，而候选商场中成都锦江大融城距离最近仅496米，且名称中的'创意山'与门店地址中的'创意山商业中心'高度匹配
48b6b8cf-6ffd-421a-96a6-ead4e7810f4f,Huawei,华为智能生活馆•成都泛悦广场,Chengdu,华为智能生活馆•成都泛悦广场,MALL_6BA4870D,青龙广场,455.6,66.66666666666667,none,high,门店名称明确包含'成都泛悦广场'，但候选商场列表中无此商场，最近的青龙广场距离455米但名称不匹配
00d92c46-c576-4db8-8359-c31b3c0c4334,Huawei,西安市雁塔区长安中路军民服务社鑫诺通合作店,Xi'an,陕西省西安市雁塔区长安中路30号陕西省融通军民服务社购物中心,MALL_D723023E,赛格国际购物中心,489.5,66.66666666666667,none,high,门店地址明确位于'陕西省融通军民服务社购物中心'，但候选商场列表中无此商场名称，且门店位置类型为'mall_store_uncertain'，说明门店可能位于非候选商场内
0cdd1239-6498-4b04-be44-03ee0cd6ebbf,Huawei,西安市雁塔区欧言万达广场京东店,Xi'an,西安市雁塔区欧言万达广场,MALL_36C62268,兰岛广场,376.1,66.66666666666667,none,high,门店地址明确指向万达广场，但候选商场列表中无万达广场，所有候选商场名称均不匹配
8a2027e4-3e4b-45d0-997c-36538776984d,Huawei,华为智能生活馆•西安高新万达,Xi'an,陕西省西安市雁塔区木塔寨西路719号西安高新万达广场,MALL_36C62268,兰岛广场,356.4,66.66666666666667,none,high,门店名称和地址明确指向'西安高新万达广场'，但候选商场列表中不包含该商场，无法匹配
3a4cc686-abff-4394-a4bf-17b17cf30fdf,Huawei,郑州市金水区智璇行丹尼斯三天地合作店,Zhengzhou,郑州市金水区智璇行丹尼斯三天地,MALL_B63979B9,丹尼斯7天地,302.1,83.33333333333334,MALL_B63979B9,high,门店地址明确位于丹尼斯三天地，而候选商场中丹尼斯7天地距离最近且名称高度匹配，应为同一商业体
146c306e-3441-4058-9a1b-8beb68ee1820,Huawei,沈阳市苏宁铁西建大店黑电专区（黑电我司）,Shenyang,辽宁省沈阳市铁西区铁西广场,MALL_11D73051,云峰广场,481.4,66.66666666666667,none,high,门店地址明确位于苏宁易购内，但候选商场列表中无苏宁易购，且门店信息显示为苏宁铁西建大店黑电专区，不匹配任何候选商场
b2c5743d-9259-4e46-a2c3-9d5756e6601a,Huawei,辽宁省沈阳市苏家屯区民主街道芃为华为授权体验店,Shenyang,辽宁省沈阳市苏家屯区枫杨路民主街道苏宁购物广场,MALL_5A0BB604,永盛休闲购物广场,668.8,66.66666666666667,MALL_1F2E8481,medium,门店地址明确提到位于苏宁购物广场，候选商城中只有1克拉生活广场在枫杨路，与门店地址中的枫杨路匹配，且距离适中
67facad9-a6df-42d0-a72b-5968187be338,Huawei,长春市汇达通安华店,Changchun,长春市汇,MALL_D1E22DFF,长春百货大楼,378.7,66.66666666666667,MALL_2279E774,high,门店地址为西安大路6号安华公寓，距离亚泰富苑购物中心仅347米，且位于同一区域（重庆街道），品牌匹配度最高
dd79e4db-51a6-4757-b92f-a7f311c64f1d,Huawei,长百朗高手机卖场二店,Changchun,吉林省长春市朝阳区重庆路长百大楼7层数码广场,MALL_16F3093D,万达广场,391.8,66.66666666666667,MALL_737AD84E,high,门店地址明确位于重庆路长百大楼，和平大世界同样在重庆路且距离最近，名称和位置高度匹配
93a1bb4b-3d09-44c1-9a42-1a47a1a60299,Huawei,海南省海口市龙华区友谊商业广场鑫叁玖华为授权体验店,Haikou,海南省海口市龙华区友谊商业广场,MALL_C6C66D94,多宝利商业广场,447.4,72.72727272727273,MALL_BC502A5C,high,门店名称和地址中明确提到'友谊商业广场'，候选列表中虽无完全匹配名称，但金棕榈文化商业广场距离最近且位于解放西路，与门店地址中的'友谊商业广场'地理位置相近
75d62f7a-c340-4d25-a0ee-319c062b7909,Huawei,西藏自治区拉萨市城关区宇拓路星宇华为授权体验店,Lhasa,西藏自治区拉萨市城,MALL_6E38173E,诺桑商城,495.3,88.88888888888889,MALL_4F513E10,high,门店地址明确位于宇拓路国贸大厦，珠峰伟业国际购物中心同在宇拓路30号，地址匹配度高且距离较近
953ad72e-9aee-42d9-a58e-dabf02b2c7ff,Huawei,西藏自治区拉萨市堆龙德庆区柳梧街道万达广场信联华为授权体验店,Lhasa,西藏自治区拉萨市堆龙德庆区柳梧街道万达广场,MALL_AC2B67E1,圣威广场,391.5,66.66666666666667,none,high,门店名称和地址中明确提到位于万达广场，但候选商场列表中不包含万达广场，因此无法匹配
8bf7650a-3346-48bc-8363-8884358f91a3,Huawei,乌鲁木齐市米东区顺为米古里店,Urumqi,乌鲁木齐市米东区顺为米古里,MALL_7538AF48,吾悦广场,324.7,60.0,MALL_1B2D113F,high,门店名称和地址中明确包含'米古里'，与候选商场'米古里西域水游城2期'名称高度匹配，虽然距离不是最近但名称关联性最强
1350d14f-b207-4235-8927-6cbd32dc3ff8,Prada,China Beijing Wangfu Central,北京,北京市东城,MALL_206D9BCE,北京市百货大楼,505.8,75.0,none,high,门店地址明确显示位于'王府中环'，但候选商场列表中不包含王府中环，所有商场均为其他购物中心
749f0d5e-46ed-4a49-8943-6da0c3710d93,Prada,China Chongqing WFC,重庆,重庆市渝中区民族路188号，重庆环球金融中心,MALL_B9DB9BC8,金鹰财富中心,400.3,60.0,MALL_B8A5B7EA,high,门店地址明确位于'民族路188号环球金融中心'，与候选商场'环球购物中心(五四路)'的地址完全匹配
53b64530-f522-47df-a6ed-0c26877af2d6,Prada,Prada Shanghai Plaza66 4F VIC Lounge,上海市,上海市静安区南京西路1266号恒隆广场,MALL_D6E1735B,上海恒隆广场,558.8,80.0,MALL_D6E1735B,high,门店地址明确位于南京西路1266号恒隆广场4层，与候选商场中的上海恒隆广场地址完全匹配
7d3e390f-6840-4214-a44a-fb6644ccef3d,Prada,Prada Shanghai Plaza66 Temp 1st Fl. TLUD,上海,上海市静安区南京西路1266号恒隆广场,MALL_D6E1735B,上海恒隆广场,527.8,80.0,MALL_D6E1735B,high,门店地址明确包含'恒隆广场'，与候选商场'上海恒隆广场'名称完全匹配，且地址一致
67b8dbfe-55a2-4f88-b93d-ef5bf3495279,Estee Lauder,温州印象城百盛,温州市,温州印象城,MALL_94262903,温州印象城MEGA市集广场,444.2,100.0,MALL_9D424B4A,high,门店名称明确包含'温州印象城'，与候选商场'温州印象城MEGA'名称高度匹配，且距离仅469米，地址位于同一街道
8f386aa0-7e18-41cd-86df-7f2994c7bcf5,Estee Lauder,南京万象天地,南京市,南京万象天地,MALL_27BB828C,茂业天地,332.0,66.66666666666667,none,high,门店名称本身为'南京万象天地'，但候选商场列表中无匹配项，最近商场茂业天地距离332米但名称不匹配
7a1d2170-0803-46ce-a2cb-ee37d628e4c6,Samsung,宿州市苏宁广场店,宿州,宿州市苏宁广场,MALL_28D3DB49,国购广场,319.5,66.66666666666667,none,high,门店地址明确指向苏宁广场，但候选商场列表中无苏宁广场，其他商场均不匹配
f85b6917-5a17-496b-8ec8-5babad195133,Samsung,许昌胖东来大关店,许昌县,河南省许昌市魏都区七一路277号胖东来时代广场,MALL_DE9EC193,胖东来时代广场,800.0,100.0,MALL_DE9EC193,high,门店地址明确位于胖东来时代广场，与候选商场名称和地址完全匹配
aa80f0d7-07e3-43d1-b6d6-bf5d225b0182,Samsung,黑龙江省哈尔滨市众联凯旋广场三星手机体验店,哈尔滨,黑龙江省哈尔滨市众联凯旋广场,MALL_19B5D69E,万达广场,488.9,66.66666666666667,MALL_19B5D69E,high,门店名称中明确提及'众联凯旋广场'，而万达广场距离最近仅488.9米，是候选商场中唯一的大型综合购物中心，与三星手机体验店的定位匹配度高
f1a3979c-a5fd-4408-ba39-fe540c826a90,Samsung,苏宁溧阳生活广场店,溧阳,苏宁溧阳生活广场,MALL_C62CC8CA,扬子广场,588.2,66.66666666666667,none,medium,门店地址明确位于金鹰购物广场，但候选列表中无此商场，且所有候选商场所在城市为常州市而非溧阳市
058d2c0f-7e2e-4cf1-8a5b-29190aac2c78,Samsung,江苏省南京市友君燕子矶万象汇三星体验店,南京,江苏省南京市友君燕子矶万象汇,MALL_072D26BF,南京城北万象汇,799.8,60.0,MALL_17A6709D,high,门店名称和地址明确提及'燕子矶万象汇'，候选商场中'南京城北万象汇B馆'名称最匹配，且距离最近（701.3米）
1f0aae22-fa44-4226-9572-feb3367a5bdc,Samsung,江西省樟树市至信时代广场三星手机体验店,樟树,江西省樟树市至信时代广场,MALL_8D861A22,丽枫广场,399.5,66.66666666666667,none,high,门店名称为'至信时代广场三星手机体验店'，但候选商场列表中无'时代广场'或类似名称的商场，所有候选商场名称与门店位置描述不匹配
206906d8-901b-43f5-86d2-ee367836f46e,Samsung,山东省济宁市曲阜市博越静轩中路三星手机体验店,曲阜,山东省曲阜市静轩中路游客服务中心,MALL_FBE7C213,富良商务中心,478.3,66.66666666666667,MALL_FBE7C213,medium,门店位于静轩中路，该商场位于静轩东路，距离最近且路名匹配度高，可能是同一街道的商场
5d6dc98c-c44f-48a4-ac08-c7b7978b033e,Samsung,拉萨展星南环路红星美凯龙三星授权旗舰店,拉萨,西藏自治区拉萨市堆龙德庆区南环路拉萨顿珠商城,MALL_6E38173E,诺桑商城,415.9,66.66666666666667,none,high,门店地址明确标注位于'拉萨顿珠商城'，但候选商场列表中无此商场，所有候选商场名称与门店所在商场不匹配
d919e067-b90d-4cd6-8bb9-272e345a661e,Samsung,新疆乌鲁木齐市迪轩合和中山国际三星体验店,乌鲁木齐,新疆乌鲁木齐市天山区中山路中山国际通讯广场,MALL_6A2ACF2A,成功广场,791.4,66.66666666666667,none,medium,门店地址明确提及'中山国际通讯广场'，但候选商场列表中无名称匹配的商场，虽有几个商场在中山路上，但名称不符且无法确认是否为同一地点
b92316fd-d116-4302-82ba-9684da139b06,Samsung,五星金华时代广场店,金华,五星金华时代广场,MALL_CD19BCC5,西华广场,339.0,66.66666666666667,none,high,门店名称包含'时代广场'但候选商场中无匹配，所有候选商场名称与门店名称不匹配
a764098a-bf17-4214-9f32-e17dd9b2f476,Honor,石家庄欢乐汇荣耀体验店,石家庄市,石家庄欢乐汇,MALL_E9FA2093,欢乐汇100FUN CITY,576.6,66.66666666666667,MALL_E9FA2093,high,门店名称包含'石家庄欢乐汇'，与候选商场'欢乐汇100FUN CITY'名称高度匹配，且地址完全一致（裕泰路77号），距离最近
1654e418-e66b-4fdb-8352-44e6a3f542f4,Honor,衡水故城信誉楼荣耀授权店,衡水市,衡水故城,MALL_F2923090,故城盐百奥友购物广场,390.0,66.66666666666667,MALL_F2923090,high,门店地址与盐百奥友购物广场地址高度匹配，均位于京杭大街，且距离仅390米，符合商场内门店特征
e0f6b112-c238-40da-9d72-605ed05e088d,Honor,运城盐湖神创河东西街荣耀授权专卖店,运城市,运城,MALL_07982EFF,天泰城,415.1,66.66666666666667,MALL_819FDD57,high,南风新天地距离门店最近（404.7米），且名称与地址中的'河东西街'地理位置匹配度高
a8a55e03-e903-4c04-99ca-a168d80446c8,Honor,运城智鑫苏宁广场体验店,运城市,运城,MALL_07982EFF,天泰城,761.3,66.66666666666667,none,high,门店地址明确提及苏宁广场，但候选商场列表中无苏宁广场，且其他商场名称与苏宁广场不匹配
a50f40b3-6341-45e9-9a4c-7aa11e4ae176,Honor,临汾曲沃广场荣耀手机店,临汾市,临汾曲沃广场,MALL_BD60A254,新供合曲沃购物广场,432.3,66.66666666666667,MALL_BD60A254,high,门店位于曲沃县中心广场，候选商场'新供合曲沃购物广场'距离最近仅432米，且名称与门店位置高度匹配
666d6422-68e6-46fd-a3fc-f651bde317d5,Honor,沈阳京东龙之梦超体店,沈阳市,辽宁省沈阳市大东区津桥路龙之梦购物中心,MALL_E552C9F8,(瑞幸咖啡)龙之梦购物中心B1层,474.1,60.86956521739131,MALL_E552C9F8,high,门店地址明确提到'龙之梦购物中心'，与候选商场名称完全匹配，距离仅474米，位置高度吻合
cd06183f-0873-49ba-af4a-a6b6ee593a7e,Honor,白城通榆中港手机开通大路电脑城店,白城市,白城,MALL_878F1EF8,世纪商业城,685.2,66.66666666666667,MALL_2BE11BD9,high,门店地址明确位于开通大路中港手机电脑城，而中兴商厦也位于开通大路，距离最近且地理位置最匹配
c03b0f92-4f09-4678-96b6-04a18a29c255,Honor,白城大新北斗手机锦华街人民路店,白城市,白城,MALL_72B14C13,安盛商城,605.6,66.66666666666667,none,high,门店地址明确位于人民路，而所有候选商场均不在人民路上，且距离较远（最近361.9米），无法确定门店位于任一商场内
ab2d0de9-25de-4086-a670-76067e552140,Honor,南京亚欧江浦文峰路店,南京市,江苏省南京市浦口区文德路1号文峰购物中心,MALL_0F0D5B79,金浦购物中心,429.4,80.0,MALL_0F0D5B79,high,门店地址明确提到位于文峰购物中心，而候选商场中金浦购物中心距离最近（429米），且门店token中提到的文德路与商场地址一致，匹配度最高
668fc7e9-eab6-4394-8abd-2d1b5242ebd2,Honor,盐城诚信新东路荣耀授权专卖店,盐城市,盐城,MALL_A39BD328,苏中商城,700.5,66.66666666666667,MALL_E993EFF9,high,汇银广场距离最近（387米），位于金海东路，与门店地址新东东路地理位置相近，同属盐城市，匹配度最高
e00fc1be-77c2-4fb1-b6df-aa044f955a45,Honor,盐城捷讯大丰健康路体验店,盐城市,盐城,MALL_6E1A5B25,中大商城,444.1,66.66666666666667,MALL_6E1A5B25,high,门店位于商场内或紧邻商场，距离最近仅444米，且门店定位类型为mall_store_uncertain，与商场位置高度匹配
e16c370e-4a83-4597-a040-390570e2d4b6,Honor,宿迁宿城军豪黄运路二店,宿迁市,宿迁宿城,MALL_76C413FA,苏宁广场,516.0,100.0,MALL_FDB8A7A1,high,门店地址明确位于上海城1N-7号，与苏宁广场A区距离最近（480米），且苏宁广场为知名连锁商场，匹配度高
4ff91663-c550-4782-8edb-c7065703db74,Honor,滁州天长天发广场利民手机卖场,滁州市,滁州天长天发广场,MALL_5AC6B5AF,天丰广场,478.4,75.0,none,high,门店名称中明确提到'天发广场'，但候选商场列表中无匹配名称，最近的商场距离315米但名称不匹配
4b866779-638a-4464-b81a-f28ea98f5a38,Honor,滁州天长天霖天发广场荣耀授权专卖店,滁州市,滁州天长天霖天发广场,MALL_5AC6B5AF,天丰广场,533.3,75.0,none,high,门店名称明确指向'天发广场'，但候选商场列表中无匹配的天发广场，最近的商场距离也在369米外且名称不匹配
fcffd174-455e-46e0-9477-20230398ae13,Honor,宣城求斌状元南路荣耀授权专卖店,宣城市,宣城,MALL_AB71FD0E,温州商城,372.7,66.66666666666667,none,high,门店地址明确标注在苏宁易购内，但候选商场列表中无苏宁易购，且所有候选商场距离较近但名称不符
acfefd5d-4613-4607-b79f-5bd432d4f664,Honor,莆田涵江中凯隆恒财富广场荣耀体验店,莆田市,莆田涵江中凯隆恒财富广场,MALL_1A682613,购物广场,403.5,66.66666666666667,none,high,门店名称明确提及'隆恒财富广场'，但候选商场列表中无此名称商场，最近的购物广场距离403米但名称不匹配
69b5c265-f695-4105-af55-ca3a472684d4,Honor,淄博博山同悦特信商场体验店,淄博市,淄博市博山区新建一路特信商城,MALL_F51EFC3B,银座商城,646.2,66.66666666666667,none,high,门店地址明确指向'特信商城'，但候选商场列表中无匹配名称，最近商场距离也超过350米，无法确认对应关系
45b0a6a2-cc22-403f-8c13-c4d2aebfb91b,Honor,潍坊临朐高德兴隆路万达体验店,潍坊市,潍坊市临朐县兴隆路万达广场,MALL_8D18BFA8,潍坊临朐万达广场,762.0,66.66666666666667,MALL_8D18BFA8,high,门店地址明确指向万达广场，且候选商场中潍坊临朐万达广场名称匹配度高，距离最近仅762米
fe11d205-4c89-4b21-8556-1b045bc874ba,Honor,聊城东昌府区天翔柳园南路荣耀授权专卖店,聊城市,聊城,MALL_DDBC5470,海润商城,407.6,66.66666666666667,MALL_C17A00A2,medium,门店位于柳园南路，新东方·尚街同样在柳园路，地理位置最匹配，距离591.9米在合理范围内
c446938f-56fc-4b2c-9265-cffa21bfa881,Honor,聊城茌平远洋天猫店,聊城市,聊城,MALL_1887DF5E,祥和商贸城,483.7,66.66666666666667,MALL_7B28B055,medium,门店地址明确提到'远洋手机大卖场'，候选商场中无完全匹配。选择距离较近且名称包含购物广场的京都购物广场A1座，符合手机卖场入驻购物中心的常见模式
f3d9afd5-8bf9-47d1-9993-8ec170284723,Honor,滨州滨城胜凯银座茂体验店,滨州市,滨州滨城,MALL_D5C12721,滨州IFC购物中心,368.0,66.66666666666667,MALL_D5C12721,high,门店地址明确包含'银座茂'，与滨州IFC购物中心距离最近（368米），且银座茂可能是IFC购物中心的别称或关联商场
b69aeb03-c294-470b-a0b8-334287831b8a,Honor,菏泽郓城冠芝霖银座商城体验店,菏泽市,菏泽郓城,MALL_796A80F0,郓城县新世纪商城,444.7,66.66666666666667,MALL_39FEEA0D,high,门店地址明确提到位于'银座鲁商广场'，候选商场中'鲁商银座广场'名称完全匹配
e808939f-c197-4e52-85a4-cdc5a14cb159,Honor,菏泽郓城华创金河街体验店,菏泽市,菏泽郓城,MALL_796A80F0,郓城县新世纪商城,799.7,66.66666666666667,MALL_E4B3FFC3,high,门店地址明确提到位于金河路和东门街交叉口，而东城商场位于东门街与盘沟路交叉口，位置最匹配且距离仅698米
15249711-8add-4571-8155-46e490d60b3d,Honor,平顶山中信中兴路总店,平顶山市,河南省平顶山市新华区中兴路广厦商务中心,MALL_580DF04C,平顶山商场,453.2,60.0,MALL_580DF04C,high,门店地址中的'广厦商务中心'与候选商场'平顶山商场'位置相符（中兴路与矿工路交汇处），且距离最近仅453米，匹配度高
4970f6be-ff46-41a8-983f-fea34c34adad,Honor,平顶山平声中兴路荣耀授权专卖店,平顶山市,河南省平顶山市新华区中兴路太阳城,MALL_580DF04C,平顶山商场,477.4,60.0,MALL_580DF04C,high,门店地址明确提到'中兴路太阳城北侧'，而平顶山商场位于'中兴路与矿工路交汇处'，地理位置最为匹配，距离仅477米
bf83d291-1a28-449b-a814-36ec1064efe5,Honor,襄阳枣阳新伟信万象城体验店,襄阳市,襄阳枣阳新伟信万象城,MALL_6F40A9A9,枣阳万象城A区,747.6,60.0,MALL_6F40A9A9,high,门店名称和地址均明确指向枣阳万象城，且该候选商场地址与门店地址完全匹配（光武路28号万象城）
83a14b7d-7049-4af9-92f8-d55356198bb5,Honor,黄冈红安九鼎陵园路专区店,黄冈市,湖北省黄冈市红安县陵园大道51号红安通信广场,MALL_9A8EDE26,摩尔广场,465.2,66.66666666666667,none,high,门店地址明确位于'红安通信广场'，但候选商场列表中无匹配名称，且所有商场距离门店300米以上，无法确认对应关系
c993dfd7-6e2d-422d-888d-14191428242b,Honor,广州裕讯白云万象汇体验店,广州市,广州裕讯白云万象汇,MALL_ED99FE48,白云汇广场,428.8,60.0,MALL_ED99FE48,high,门店名称明确包含'白云万象汇'，而候选商场中'白云汇广场'名称高度匹配且距离最近（428.8米），地址位置相符
d839b1ab-9c23-4349-ac04-7fafaaab35f7,Honor,防城港防城赛宏人民路荣耀授权专卖店,防城港市,防城,MALL_653E0535,防城民族商场,487.1,100.0,MALL_8E0FA61D,high,门店地址明确提到'神龙商场'，而候选商场中只有嘉乐城体验中心位于人民路且距离最近(303.7米)，位置匹配度高
576fee62-58d8-4a7f-95c0-14c1f5ef8f68,Honor,钦州钦南智通人民路荣耀授权专卖店,钦州市,广西钦州市钦南区人民路8号协盛商业广场,MALL_8A6AA702,雄泰荟商业广场,771.9,72.72727272727273,MALL_8A6AA702,medium,门店地址明确提到位于人民路，雄泰荟商业广场正好在人民路3号，地址匹配度最高，虽然距离不是最近但地理位置最符合
e562d4f1-d611-4cf9-b6d5-f3641ea87cbc,Honor,重庆万州迈航福斯德广场移动营业厅店,重庆市,重庆万州迈航福斯德广场,MALL_26F5B3B6,万达广场,361.2,66.66666666666667,MALL_4C6F209D,medium,门店名称和地址中的'迈航福斯德广场'与候选商场'摩登·星乐荟'地址太白路94号最为接近（门店地址为太白路99号），距离1074.4米，名称虽不完全匹配但地理位置最吻合
9315a41d-6f31-4280-86ff-52137069adff,Honor,重庆茂生林科技观音桥步行街赛博店,重庆市,重庆市江北区观音桥步行街5号赛博数码广场,MALL_1903C46F,星天广场,491.1,66.66666666666667,none,high,门店地址明确位于赛博数码广场，但候选商场列表中未包含赛博数码广场，所有候选商场均不匹配
cbe229b1-20f7-4ecc-9d3d-f72bdba96110,Honor,重庆迈航观音桥赛博移动营业厅店,重庆市,重庆市江北区步行街5号赛博数码广场,MALL_1903C46F,星天广场,492.3,66.66666666666667,none,high,门店地址明确位于赛博数码广场，但候选商场列表中无此商场，最近的龙湖重庆北城天街距离447米，但名称不匹配
71defd85-8c13-4356-b7cd-d82c500729ce,Honor,重庆英普大渡口新天泽体验店,重庆市,重庆市大渡口区松青路1099号新天泽国际广场,MALL_B5F71367,重庆大渡口万象汇,474.3,71.42857142857143,MALL_B5F71367,high,门店地址明确位于'新天泽国际广场LG层'，虽然候选商场中无完全匹配名称，但'重庆大渡口万象汇'与门店所在区域一致且距离最近，最可能是同一商场
971cf7fb-fd23-451a-8cfe-fdda63f409e7,Coach,佛山佛罗伦萨小镇奥特莱斯,佛山市,佛山佛罗伦萨小镇奥特莱斯,MALL_F604EE43,佛罗伦萨小镇(广佛名品奥特莱斯),578.6,66.66666666666667,MALL_F604EE43,high,门店名称与商场名称高度匹配，距离仅578米，地址信息一致，均为佛罗伦萨小镇奥特莱斯
a4086164-a031-4f55-8d87-a049352b2a2a,Coach,海口王府井,海口市,海口市龙华区海秀中路71号王府井海垦广场,MALL_C8EFA04A,王府井海垦广场,512.1,100.0,MALL_C8EFA04A,high,门店地址明确标注位于王府井海垦广场，且候选商场中王府井海垦广场的名称和地址完全匹配，距离最近仅512米
5ff6c480-cbc0-4468-91e7-9eb71122fd95,Coach,唐山振华,唐山市,河北省唐山市路北区 新华西道45号路振华诚成购物中心,MALL_B921E65E,振华诚成购物中心,560.2,100.0,MALL_B921E65E,high,门店地址中的'振华诚成购物中心'与候选商场名称完全匹配，且距离最近
f73c065a-f4a7-4d0e-9df8-5ae760026827,Coach,武汉国际广场购物中心,武汉市,武汉国际广场,MALL_13E3C07C,武汉恒隆广场东区,229.7,66.66666666666667,MALL_C456A871,high,门店地址明确位于武汉国际广场购物中心C座一楼，与候选商场'武商MALLC座'名称和位置完全匹配
bc4391d5-06e1-422c-9d18-f886ed9e062e,Coach,徐州金鹰购物中心,徐州市,徐州金鹰购物中心,MALL_E2A11EB8,金鹰国际购物中心B座,442.3,75.0,MALL_E2A11EB8,high,门店地址明确位于'徐州金鹰购物中心1层'，与候选商场'金鹰国际购物中心B座'名称高度匹配，距离仅442米
63bbfa63-4755-460f-ad85-6b08296b6608,Coach,济宁龙贵,济宁市,山东省济宁市金宇路69号龙贵购物广场,MALL_1B298CE7,贵和购物广场,475.4,90.9090909090909,MALL_1B298CE7,high,门店地址明确提及'龙贵购物广场'，候选商场中'贵和购物广场'距离最近(475米)，且'龙贵'与'贵和'名称高度相似，很可能是同一商场的不同称呼
e7b82b9a-5675-4b84-aa1e-f1db2a54ceb9,Coach,青岛百联奥莱,青岛市,青岛百联奥莱,MALL_77F65D74,百联奥特莱斯广场(青岛·即墨),482.8,72.72727272727273,MALL_77F65D74,high,门店名称'青岛百联奥莱'与候选商场'百联奥特莱斯广场(青岛·即墨)'高度匹配，且距离仅482.8米，位于同一城市和区域
173028ed-d424-4726-ae88-530f2e5fad44,Coach,宝鸡开元,宝鸡市,陕西省宝鸡市渭滨区金陵街道经二路154号开元商城,MALL_950E6D8A,开元商城宝鸡店,465.0,72.72727272727273,MALL_950E6D8A,high,门店地址明确标注位于开元商城宝鸡店内，候选商场名称完全匹配
7bea74d1-562b-46a8-95a8-2cf6dd6d9c46,Coach,西安DT51,西安市,陕西省西安市雁塔区唐延路和科技八路东南角西安DT51购物中心,MALL_D723023E,赛格国际购物中心,417.7,66.66666666666667,none,high,门店地址中明确指定位于西安DT51购物中心，但候选商场列表中无DT51购物中心，因此无法匹配
025f205a-93d3-4719-be4b-56849bea13f9,Coach,上海佛罗伦萨小镇购物中心,上海市,上海佛罗伦萨小镇购物中心,MALL_E5C72D3E,上海佛罗伦萨小镇(上海名品奥特莱斯),417.8,80.0,MALL_E5C72D3E,high,门店名称与商场名称高度匹配，距离仅417.8米，且门店地址明确位于该商场内
d7984b02-07ea-4f6c-855e-2ef8b84a7e20,Coach,上海佛罗伦萨小镇购物中心（男店）,上海市,上海佛罗伦萨小镇购物中心,MALL_E5C72D3E,上海佛罗伦萨小镇(上海名品奥特莱斯),478.5,80.0,MALL_E5C72D3E,high,门店地址明确位于上海佛罗伦萨小镇购物中心，与候选商场名称完全匹配且距离最近（仅478.5米）
a64b6c26-a1cc-457c-b910-46759df6c47e,Coach,天津武清佛罗伦萨小镇购物中心男士店,天津市,天津武清佛罗伦萨小镇购物中心,MALL_7A8CA63E,佛罗伦萨小镇(京津名品奥特莱斯),433.5,60.0,MALL_7A8CA63E,high,门店地址明确位于佛罗伦萨小镇购物中心，且候选商场中佛罗伦萨小镇(京津名品奥特莱斯)距离最近(433.5米)，名称高度匹配
90c858cf-f0f5-4ca7-bb07-273a3661ff83,Coach,天津武清佛罗伦萨小镇购物中心,天津市,天津武清佛罗伦萨小镇购物中心,MALL_7A8CA63E,佛罗伦萨小镇(京津名品奥特莱斯),410.4,60.0,MALL_7A8CA63E,high,门店地址明确指向佛罗伦萨小镇购物中心，且候选商场中佛罗伦萨小镇距离最近（410米），名称高度匹配
c3865f98-7e2c-4e2b-93cb-7ecaa6266993,Coach,昆明王府井奥特莱斯,昆明市,昆明王府井奥特莱斯,MALL_2C663AF2,王府井奥莱·滇池小镇,309.4,71.42857142857143,MALL_2C663AF2,high,门店名称'昆明王府井奥特莱斯'与商场'王府井奥莱·滇池小镇'名称高度匹配，且距离仅309米，地址信息一致
a8a57d51-9bea-46e4-b847-1c3880338bec,Coach,昆明恒隆,昆明市,云南省昆明市盘龙区东风东路21号昆明恒隆广场,MALL_431F0EC6,金俊广场,334.7,66.66666666666667,none,high,门店地址明确标注位于'昆明恒隆广场'，但候选商场列表中无恒隆广场，所有候选商场名称均不匹配
69435bbe-f249-41c1-85cb-2a7e4865f397,OPPO,OPPO官方授权体验店(南京浦口区弘阳广场店),省南京市,OPPO官方授权体验店(南京浦口区弘阳广场,MALL_72C19E4E,南京弘阳广场C馆,358.5,66.66666666666667,MALL_72C19E4E,high,门店名称明确包含'弘阳广场'，与候选商场'南京弘阳广场C馆'名称高度匹配，且距离仅358.5米
199a2611-becf-4e99-83e5-f382c21c5c94,OPPO,OPPO官方授权服务体验中心(嘉兴桐乡市时代广场店),省嘉兴市,OPPO官方授权服务体验中心,MALL_F576AB10,万嘉中心,308.4,66.66666666666667,MALL_F576AB10,high,门店地址明确提到位于时代广场，而万嘉中心距离最近仅308米，且同在庆丰中路，地理位置最匹配
abdb2f32-36ba-4363-bcf0-c1b0e8194035,OPPO,OPPO官方授权体验店(拉萨堆龙德庆区王府井店),自治区拉萨市,西藏自治区拉萨市堆龙德庆区柳梧街道北京大道10号王府井购物中心,MALL_D6852EE6,拉萨王府井购物中心,351.4,87.5,MALL_D6852EE6,high,门店地址明确包含'王府井购物中心'，与候选商场'拉萨王府井购物中心'名称完全匹配，且距离最近仅351米
596445a1-5edc-40c6-a68e-683879bde262,OPPO,OPPO官方授权体验店(深圳盐田区壹海城店),省深圳市,OPPO官方授权体验店(深圳盐田区壹海城,MALL_B92A0190,碧海城,390.1,80.0,MALL_37007321,high,门店名称明确包含'壹海城'，与候选商场'壹海道'名称高度匹配且距离最近（415.4米），地址描述一致
88e5670e-f779-482d-972d-5f21913f0e79,OPPO,OPPO官方授权体验店(连云港东海县和平路店),省连云港市,江苏省连云港市东海县和平路晶和国际广场,MALL_72ACEC8B,假日广场,457.6,66.66666666666667,none,high,门店地址明确位于晶和国际广场，但候选商场中无匹配，最近的商场距离超过300米且名称不匹配
ca051c7e-3085-4be5-a34f-90e173c4dc3b,OPPO,OPPO授权专营店(长沙宁乡市金州商贸城店),省长沙市,OPPO授权专营店(长沙宁乡市金州商贸城,MALL_F4DAE0E6,宁乡市金洲商贸广场,326.7,70.58823529411764,MALL_F4DAE0E6,high,门店地址明确位于金洲商贸城2栋201号，与候选商场'宁乡市金洲商贸广场'名称高度匹配，距离仅326.7米，地理位置完全吻合
0d65f16c-caa2-43ae-9786-d835ec1612cd,OPPO,OPPO官方授权体验店(德州德城区新河路店),省德州市,OPPO官方授权体验店(德州德城,MALL_370C318F,德州德城万达广场,322.5,66.66666666666667,MALL_370C318F,high,门店地址明确提到位于万达华府C区，距离德州德城万达广场仅322米，且品牌定位与万达广场匹配度高
3990d6a1-2389-4c58-958c-e02ee9bcabb4,OPPO,OPPO官方授权体验店(安阳滑县解放路店),省安阳市,河南省安阳市滑县道口镇 解放路149号滨北广场,MALL_022A4834,金地广场,747.2,66.66666666666667,none,high,门店地址明确位于滨北广场内，但候选商场列表中无滨北广场，且所有商场名称与滨北广场不匹配
0c61d63f-2a55-4793-9ebc-ab77d79b568e,OPPO,OPPO官方授权体验店(荆州松滋市五一路购物广场店),省荆州市,OPPO官方授权体验店(荆州松滋市五一路购物广场,MALL_CE607F99,东方购物广场,435.9,80.0,MALL_CE607F99,high,门店地址明确提到'五一路购物广场'，与'东方购物广场'名称高度匹配，且距离最近仅435.9米
a6a13724-144b-4f85-96ff-97f3124eee4c,OPPO,OPPO官方授权体验店(宿州埇桥区苏宁广场店),省宿州市,OPPO官方授权体验店(宿州埇桥区苏宁广场,MALL_28D3DB49,国购广场,469.1,66.66666666666667,none,high,门店名称明确标注为苏宁广场店，但候选商场列表中无苏宁广场，所有候选商场名称均不匹配
17801f18-4dc6-4320-8ceb-5e063a3ad195,OPPO,OPPO官方授权体验店(咸宁赤壁市宝城路店),省咸宁市,OPPO官方授权体验店(咸宁赤壁市宝城,MALL_E0D699F8,赤壁摩尔城,564.9,60.0,MALL_E6F3FA4C,high,门店地址明确提及'宝城路'，群兴购物广场位于宝成路（应为宝城路），距离仅436米，地址匹配度最高
a5806127-97b7-4768-ae3c-f3ae136ed94e,OPPO,OPPO授权专营店(石家庄长安区嘉和广场电信店),省石家庄市,OPPO授权专营店(石家庄长安区嘉和广场,MALL_2FE0ECDE,港悦广场,338.0,66.66666666666667,MALL_2FE0ECDE,high,门店地址明确提及'嘉和广场'，候选商场中'港悦广场'距离最近（338米）且位于同一中山东路，名称与地址中的广场信息高度匹配
e28be85b-37e0-4efb-bad1-191290e00382,OPPO,OPPO授权专营店(德州陵城区政府路2店),省德州市,OPPO授权专营店(德州陵城,MALL_592C4609,银座商城,465.5,62.5,MALL_D0F914EF,high,供销商厦距离最近仅371.9米，且位于同一城市区域，地理位置匹配度高
2ecc11be-8142-40ec-a008-8b69563fc7ac,OPPO,OPPO授权专营店(郑州金水区金泰购物中心店),省郑州市,OPPO授权专营店(郑州金水区金泰购物中心,MALL_0ED4AE92,大旺城购物中心,447.7,72.72727272727273,none,high,门店地址明确提到金泰购物广场，但候选商场列表中无金泰购物中心，最近的商场是大旺城购物中心，但名称不匹配且距离较远
76f52f20-88d5-4999-afe6-bbde6a76f30c,OPPO,OPPO官方授权体验店(来宾武宣县城北路店),壮族自治区来宾市,OPPO官方授权体验店(来宾武宣县城,MALL_06C91B91,武宣县大洋城,546.8,80.0,MALL_4A5B0CDD,high,门店地址为城北路94号，与高立山商业城位于城北路南段距离仅311米，地理位置高度匹配
b1e3ed3d-5f90-4cc8-bee5-b7b7a6b5a40d,OPPO,OPPO授权专营店(焦作武陟县红旗路3店),省焦作市,河南省焦作市武陟县木城,MALL_01225C0A,焦作市武陟县9万里商贸城,302.1,70.58823529411764,MALL_01225C0A,high,距离最近（302米），且门店地址在红旗路南头，与商场位置（朝阳一路与红旗路交叉口）地理位置匹配度高
8a7713c7-a2e5-4c9a-bb00-4a17ca6c44bf,OPPO,OPPO授权专营店(济南钢城区金水路店),省济南市,OPPO授权专营店(济南钢城,MALL_0D580CFA,银座商城,387.0,62.5,MALL_0D580CFA,high,银座商城距离最近（387米），且作为知名连锁商场更符合OPPO专营店的定位
3f85d468-3cad-4d7f-b057-cfcfd3eaa7f6,OPPO,OPPO官方授权体验店(德州陵城区政府路店),德州市,OPPO官方授权体验店(德州陵城,MALL_592C4609,银座商城,434.0,62.5,MALL_C5666351,high,距离最近（342.8米），且'家庭号购物中心'作为综合性购物中心适合OPPO官方授权体验店入驻
3fa9a865-23ae-48d5-b7f1-ea25dd3b862e,OPPO,OPPO官方授权体验店(抚州临川区金巢大道店),省抚州市,江西省抚州市临川区钟岭街道金巢大道电信5G智能生活广场,MALL_4D6DC5F0,荟萃生活广场,549.7,80.0,MALL_E1C07F3D,high,门店地址明确位于'金巢大道电信5G智能生活广场'，与硕果时代购物中心地址'金巢大道777号'高度匹配，且距离最近仅374米
b3390447-4915-40eb-8b0f-25d4ef0006a7,OPPO,OPPO官方授权体验店(福州连江县万星广场店),省福州市,OPPO官方授权体验店(福州连江县万星广场,MALL_D82846AA,时代广场,454.8,66.66666666666667,none,high,门店名明确标注为'万星广场店'，但候选商场中无'万星广场'，所有商场名称均不匹配
e972d945-3d73-4be4-8d3e-babaa5cbe47f,On,内蒙 七星,包头市,内蒙古包头市昆都伦区神华蓝天亿佰购物中心,MALL_BDE1A5D5,神华亿佰蓝天购物中心,467.9,80.0,MALL_BDE1A5D5,high,门店地址中明确提到位于'神华蓝天亿佰购物中心'，与候选商场'神华亿佰蓝天购物中心'名称高度匹配，且距离最近仅467.9米
f0fb6866-3c58-4a28-8e33-bb60a194b307,On,三亚 海棠湾国际免税城专卖店,三亚市,三亚 海棠湾国际免税城,MALL_17B5B493,三亚国际免税城,358.6,83.33333333333334,MALL_17B5B493,high,门店地址明确位于'三亚国际免税城L3-A F318'，与候选商场'MALL_17B5B493'名称'三亚国际免税城'完全匹配，且距离仅358.6米，地址一致
7acb5ca7-745c-4732-ad22-7671f93c9c00,On,On昂跑 北京合生汇店,北京,On昂跑 北京合生汇,MALL_443759AB,北京朝阳合生汇,464.7,83.33333333333334,MALL_443759AB,high,门店地址明确包含'朝阳合生汇'，与商场名称'北京朝阳合生汇'完全匹配，且距离最近仅464.7米
e9ee4ba4-4df5-4eb4-80b4-f9e41b8f9fe9,On,厦门SM广场,厦门市,厦门SM广场,MALL_F1E4143F,SM城市广场,606.4,80.0,MALL_E766FA65,high,门店名称'厦门SM广场'与候选商场'sm新生活广场2期'名称高度匹配，且地址完全一致（嘉禾路399号），距离最近（611.6米）
c1e942a3-af7c-4be7-8b67-0f4fe6a19ff3,Polo Ralph Lauren,无锡八佰伴(PRL),无锡市,无锡八佰伴商贸中心,MALL_40CFC3AE,无锡八佰伴(中山路),569.3,75.0,MALL_40CFC3AE,high,门店地址明确位于无锡八佰伴商贸中心，与候选商场'无锡八佰伴(中山路)'名称和地址完全匹配，且距离最近
34e45171-6339-4b0b-85db-e4dee377b94b,Polo Ralph Lauren,昆明顺城购物中心Polo Ralph Lauren,昆明市,昆明顺城,MALL_7702BA73,昆明百货大楼,579.7,66.66666666666667,none,high,门店名称中明确包含'顺城购物中心'，但候选商场列表中无此商场，所有候选商场名称均与门店位置不匹配
6c159c7e-2034-4155-ae95-004180ac9504,Polo Ralph Lauren,北京金源燕莎购物中心(PRL-M),北京市,北京金源燕莎购物中心,MALL_72C48CEE,世纪金源购物中心,731.6,75.0,MALL_72C48CEE,high,门店名称和地址与世纪金源购物中心完全匹配，且距离最近
7693ba32-0cc0-44fd-a83a-1c7dcf1e99a2,Polo Ralph Lauren,南京德基广场(RL-LUX),南京市,南京德基广场,MALL_5E006CAB,南京新百,477.3,66.66666666666667,none,high,门店地址明确指向德基广场，但候选商场列表中无德基广场，其他商场名称与门店位置不匹配
354df0de-152f-421f-b1e1-03c038d8d750,Polo Ralph Lauren,Hangzhou Bailian Outlet杭州百联奥特莱斯,杭州市,Hangzhou Bailian Outlet杭州百联奥特莱斯,MALL_4C7FF299,百联奥特莱斯广场(浙江杭州),439.3,60.0,MALL_4C7FF299,high,门店名称与商场名称高度匹配（均为百联奥特莱斯），距离仅439米，地址完全一致
1ebf432e-e8b8-4267-be85-7d7c67c53f77,Polo Ralph Lauren,京津名品奥特莱斯 (FO),天津市,京津名品奥特莱斯,MALL_7A8CA63E,佛罗伦萨小镇(京津名品奥特莱斯),426.2,100.0,MALL_7A8CA63E,high,门店名称'京津名品奥特莱斯'与商场'佛罗伦萨小镇(京津名品奥特莱斯)'完全匹配，且距离最近仅426米
