"old_mall_id","old_mall_name","old_city","old_lat","old_lng","new_id","new_mall_code","new_name","new_city","new_district","new_lat","new_lng","distance_km","name_sim","score","match_via","llm_reason"
"MALL_00004","荔星中心","贵阳市","26.610024","106.647886","27568","MALL_1B67E488","荔星中心","贵阳市","观山湖区","26.610024","106.647886","0.0","1.0","5.0","rule",""
"MALL_00006","沈阳长白万象汇","沈阳市","41.747156","123.399955","28457","MALL_732336CB","沈阳长白万象汇","沈阳市","和平区","41.747156","123.399955","0.0","1.0","5.0","rule",""
"MALL_00008","丹尼斯大卫天地","洛阳市","34.668809","112.436057","20196","MALL_9BB90C26","丹尼斯大卫天地","洛阳市","西工区","34.668809","112.436057","0.0","1.0","5.0","rule",""
"MALL_00012","曲靖麒麟万达广场","曲靖市","25.519727","103.756699","1053","MALL_2C30189B","曲靖麒麟万达广场","曲靖市","麒麟区","25.519727","103.756699","0.0","1.0","5.0","rule",""
"MALL_00015","摩天活力城MALL","长春市","43.835152","125.379262","3005","MALL_9B70032F","摩天活力城·2期","长春市","南关区","43.834492","125.381428","0.1885978748160237","0.8333333333333334","3.478068791850643","llm","候选商场'摩天活力城·2期'与待匹配商场'摩天活力城MALL'位于同一城市（长春市），距离仅0.189km，在合理范围内。名称相似度高（约83%），且'2期'与'MALL'可能为同一商业体不同阶段或命名方式的差异，属于常见的品牌方命名变体，因此判断为同一实体。"
"MALL_00016","国贸购物中心","遵义市","27.71727","106.930699","27636","MALL_7F29C913","国贸购物中心","遵义市","汇川区","27.716975","106.931276","0.06558930668273336","1.0","4.9344106933172664","rule",""
"MALL_00019","龙湖·滨江天街","成都市","30.66552","104.125231","3779","MALL_0C46556F","龙湖·滨江天街","成都市","成华区","30.66552","104.125231","0.0","1.0","5.0","rule",""
"MALL_00021","悦汇城","广州市","23.149842","113.243024","10595","MALL_32601046","悦汇城","广州市","荔湾区","23.149842","113.243024","0.0","1.0","5.0","rule",""
"MALL_00022","沈阳三台子万象汇","沈阳市","41.871232","123.417936","28593","MALL_677133C2","沈阳三台子万象汇","沈阳市","皇姑区","41.871232","123.417936","0.0","1.0","5.0","rule",""
"MALL_00024","济南高新万达广场","济南市","36.686028","117.12843","7461","MALL_AF0A0C58","济南高新万达广场","济南市","历下区","36.686028","117.12843","0.0","1.0","5.0","rule",""
"MALL_00025","深圳布吉万象汇","深圳市","22.59282","114.131457","11508","MALL_BCA1B395","深圳布吉万象汇","深圳市","龙岗区","22.59282","114.131457","0.0","1.0","5.0","rule",""
"MALL_00026","益阳赫山万达广场","益阳市","28.565635","112.37333","24895","MALL_7C91517D","万达广场","益阳市","赫山区","28.565635","112.37333","0.0","0.5","3.0","llm","候选商场'万达广场'与待匹配商场'益阳赫山万达广场'位于同一城市（益阳市赫山区），距离为0km，名称相似度较高，且'益阳赫山万达广场'是'万达广场'品牌在该区域的具体命名形式，属于同一实体的合理命名差异。另一候选'益阳商贸城'名称和地址均不匹配，排除。"
"MALL_00029","潍坊新辰天地","潍坊市","36.730536","119.142013","8203","MALL_A7D39E0C","潍坊新辰天地","潍坊市","奎文区","36.730536","119.142013","0.0","1.0","5.0","rule",""
"MALL_00031","生龙悠购天地","临汾市","36.093175","111.540265","9177","MALL_42A194D9","生龙悠购天地","临汾市","尧都区","36.084191","111.523586","1.801150616311674","1.0","3.198849383688326","rule",""
"MALL_00032","镇江八佰伴(中山东路店)","镇江市","32.205068","119.44916","15764","MALL_4C0BDAE8","镇江八佰伴","镇江市","京口区","32.205068","119.44916","0.0","0.6666666666666666","3.333333333333333","llm","候选商场与待匹配商场位于同一城市（镇江市），距离为0.0km，且名称高度相似。'镇江八佰伴(中山东路店)'与'镇江八佰伴'属于同一主体的常见命名差异，括号内为具体分店信息，通常表示同一实体的不同表述方式。此外，原始名称一致，进一步确认为同一商场。"
"MALL_00033","邢台北国商城","邢台市","37.060639","114.477888","18338","MALL_788F5D80","邢台北国商城","邢台市","信都区","37.060639","114.477888","0.0","1.0","5.0","rule",""
"MALL_00034","南京城北万象汇B馆","南京市","32.120811","118.836553","13740","MALL_072D26BF","南京城北万象汇","南京市","栖霞区","32.120701","118.83489","0.157088688807761","0.8","3.442911311192239","llm","候选商场与待匹配商场位于同一城市（南京市），距离仅0.157公里，在合理范围内。名称上，'南京城北万象汇B馆'与'南京城北万象汇'高度相似，B馆可能是该商场的分馆或区域命名差异，属于常见的命名方式差异，因此判断为同一实体。"
"MALL_00035","凯德广场·云尚","广州市","23.180738","113.269242","10534","MALL_BA84E81C","凯德广场·云尚","广州市","白云区","23.180738","113.269242","0.0","1.0","5.0","rule",""
"MALL_00036","西安万象城","西安市","34.195779","108.949454","30606","MALL_B3D412A8","西安万象城(生命之树)","西安市","雁塔区","34.195779","108.949454","0.0","0.6153846153846154","3.230769230769231","llm","候选商场与待匹配商场位于同一城市（西安市），距离为0.0km，且名称为'西安万象城(生命之树)'，是在'西安万象城'基础上的合理扩展命名，符合常见别名或附加地标命名习惯，因此判定为同一实体。"
"MALL_00037","海乐世界","昆明市","24.970577","102.741899","761","MALL_E8F2653C","海乐城","昆明市","官渡区","24.966849","102.742491","0.41880797469227704","0.6666666666666666","2.914525358641056","llm","商场名称'海乐世界'与候选名称'海乐城'高度相似，属于常见的命名差异（'世界'与'城'常用于商业体命名且语义相近），且位于同一城市昆明市，距离仅0.42km，在合理匹配范围内，判断为同一实体。"
"MALL_00041","南宁万象城","南宁市","22.811612","108.392882","12336","MALL_7731F0F3","南宁万象城","南宁市","青秀区","22.811612","108.392882","0.0","1.0","5.0","rule",""
"MALL_00047","振华商厦(海港路)","烟台市","37.542095","121.383424","8477","MALL_2D109932","振华商厦(海港路)","烟台市","芝罘区","37.542095","121.383424","0.0","1.0","5.0","rule",""
"MALL_00049","光明大仟里购物中心A区","深圳市","22.775086","113.894237","11306","MALL_EEC105BC","光明大仟里购物中心A区","深圳市","光明区","22.775086","113.894237","0.0","1.0","5.0","rule",""
"MALL_00052","深圳万象天地","深圳市","22.541865","113.95596","11340","MALL_A5B16C6E","深圳万象天地","深圳市","南山区","22.541865","113.95596","0.0","1.0","5.0","rule",""
"MALL_00053","保定万博广场","保定市","38.875891","115.469655","16940","MALL_D68AB34A","保定万博广场","保定市","竞秀区","38.875891","115.469655","0.0","1.0","5.0","rule",""
"MALL_00054","宁波来福士广场","宁波市","29.882438","121.557395","21516","MALL_B493E691","宁波来福士广场","宁波市","江北区","29.882438","121.557395","0.0","1.0","5.0","rule",""
"MALL_00060","衡阳万达","衡阳市","26.88167","112.586556","24960","MALL_F5ED2E30","万达广场","衡阳市","蒸湘区","26.883387","112.591961","0.5690451076220611","0.6666666666666666","2.7642882257112724","llm","候选商场与待匹配商场位于同一城市（衡阳市），距离仅0.57km，在合理范围内。名称上，'衡阳万达'与'万达广场(衡阳蒸湘店)'存在常见命名差异：前者为简称，后者为全称且包含具体分店信息（蒸湘店），属于同一品牌（万达）在本地的常见别名形式，因此判断为同一实体。"
"MALL_00061","红博中央公园","哈尔滨市","45.757638","126.698488","31055","MALL_59C11EAB","红博中央公园","哈尔滨市","南岗区","45.757638","126.698488","0.0","1.0","5.0","rule",""
"MALL_00062","苏州大悦城","苏州市","31.401503","120.606372","15535","MALL_08319ED9","苏州大悦城","苏州市","相城区","31.401503","120.606372","0.0","1.0","5.0","rule",""
"MALL_00063","和谐广场","济南市","36.649992","116.978074","7574","MALL_56C2126F","和谐广场","济南市","槐荫区","36.649992","116.978074","0.0","1.0","5.0","rule",""
"MALL_00064","万悦城","南阳市","33.012906","112.58051","18951","MALL_83169AB0","万悦城","南阳市","卧龙区","33.012906","112.58051","0.0","1.0","5.0","rule",""
"MALL_00066","金鹰湖滨天地A区","南京市","32.102438","118.926767","13748","MALL_42E8832B","金鹰湖滨天地","南京市","栖霞区","32.100412","118.925085","0.2754142786783441","0.6666666666666666","3.057919054654989","llm","候选商场与待匹配商场位于同一城市（南京市），距离仅0.275公里，在合理范围内。名称上，'金鹰湖滨天地A区'与'金鹰湖滨天地'属于同一主体的不同区域命名，'A区'为常见分区标识，整体名称高度关联，符合品牌方命名习惯，因此判断为同一实体。"
"MALL_00067","金科·爱琴海购物公园","昆明市","24.992243","102.685022","863","MALL_765B219D","金科·爱琴海购物公园","昆明市","西山区","24.992243","102.685022","0.0","1.0","5.0","rule",""
"MALL_00068","宁波万象汇","宁波市","29.833287","121.568181","21580","MALL_4EB85958","宁波万象汇","宁波市","鄞州区","29.833287","121.568181","0.0","1.0","5.0","rule",""
"MALL_00069","赛格国际购物中心","西安市","34.223525","108.948254","30612","MALL_D723023E","赛格国际购物中心","西安市","雁塔区","34.223525","108.948254","0.0","1.0","5.0","rule",""
"MALL_00070","武汉天地壹方购物中心","武汉市","30.610832","114.310896","23406","MALL_708D6A00","武汉天地壹方南馆西座","武汉市","江岸区","30.608839","114.309402","0.2637307612928707","0.75","3.2362692387071292","llm","候选商场'武汉天地壹方南馆西座'与待匹配商场'武汉天地壹方购物中心'位于同一城市（武汉市），距离仅0.26km，在合理范围内。名称上，'武汉天地壹方南馆西座'可视为'武汉天地壹方购物中心'的细分馆别命名，属于同一商业体的不同区域（南馆），符合品牌方对大型购物中心分馆命名的常见模式，因此判断为同一实体。"
"MALL_00072","华贸天地","惠州市","23.103972","114.414823","10716","MALL_90BDC332","华贸天地","惠州市","惠城区","23.103972","114.414823","0.0","1.0","5.0","rule",""
"MALL_00073","卓展购物中心B座","哈尔滨市","45.759514","126.604022","31200","MALL_81A4CA32","卓展购物中心B座","哈尔滨市","道里区","45.759514","126.604022","0.0","1.0","5.0","rule",""
"MALL_00074","世豪广场","成都市","30.550119","104.044959","3813","MALL_C600E480","世豪广场","成都市","武侯区","30.550119","104.044959","0.0","1.0","5.0","rule",""
"MALL_00075","莱山万象汇","烟台市","37.471696","121.451087","8507","MALL_EA7CA7CA","莱山万象汇","烟台市","莱山区","37.471696","121.451087","0.0","1.0","5.0","rule",""
"MALL_00076","民盈·国贸城","东莞市","23.012309","113.762858","10185","MALL_7146AAC0","民盈·国贸城","东莞市","东城街道","23.012309","113.762858","0.0","1.0","5.0","rule",""
"MALL_00077","泉州浦西万达广场","泉州市","24.882345","118.599527","26491","MALL_05E84411","泉州浦西万达广场","泉州市","丰泽区","24.882345","118.599527","0.0","1.0","5.0","rule",""
"MALL_00078","海雅缤纷城","深圳市","22.559729","113.906045","11389","MALL_78EE1253","海雅缤纷城","深圳市","宝安区","22.559729","113.906045","0.0","1.0","5.0","rule",""
"MALL_00079","宁波阪急","宁波市","29.861801","121.614147","21586","MALL_84750A05","宁波阪急","宁波市","鄞州区","29.861801","121.614147","0.0","1.0","5.0","rule",""
"MALL_00082","丽水银泰城","丽水市","28.43765","119.926381","21050","MALL_4A4C165F","丽水银泰城","丽水市","莲都区","28.43765","119.926381","0.0","1.0","5.0","rule",""
"MALL_00083","大连恒隆广场","大连市","38.906954","121.609269","28223","MALL_68B86C0C","大连恒隆广场","大连市","西岗区","38.906954","121.609269","0.0","1.0","5.0","rule",""
"MALL_00084","桂林高新万达广场","桂林市","25.242166","110.32014","12550","MALL_523E1F2B","桂林高新万达广场","桂林市","七星区","25.242166","110.32014","0.0","1.0","5.0","rule",""
"MALL_00085","万达广场商圈","柳州市","24.328326","109.44344","12454","MALL_9E05E29C","万达广场商圈","柳州市","城中区","24.328326","109.44344","0.0","1.0","5.0","rule",""
"MALL_00086","卓悦汇购物中心","深圳市","22.569759","114.060273","11425","MALL_44E4BD74","卓悦汇购物中心","深圳市","福田区","22.569759","114.060273","0.0","1.0","5.0","rule",""
"MALL_00088","好悦天地","昆明市","25.022018","102.713694","853","MALL_0B36D8FF","好悦天地A区","昆明市","西山区","25.021846","102.713443","0.03170794086145498","0.5","2.968292059138545","llm","候选商场'好悦天地A区'与待匹配商场'好悦天地'位于同一城市（昆明市），距离仅0.03公里，在合理范围内。名称高度相似，'A区'为常见分区命名方式，属于同一建筑群或分阶段开发的合理扩展，符合品牌方命名或别名规则。"
"MALL_00089","合肥银泰中心","合肥市","31.862669","117.29143","5415","MALL_FBFE4C46","合肥银泰中心","合肥市","庐阳区","31.862669","117.29143","0.0","1.0","5.0","rule",""
"MALL_00091","凯德广场·金牛2期","成都市","30.703741","104.044325","3959","MALL_242D1165","凯德广场·金牛2期","成都市","金牛区","30.703741","104.044325","0.0","1.0","5.0","rule",""
"MALL_00094","SM厦门海沧城市广场","厦门市","24.5394","117.956546","26331","MALL_458EB4BC","SM厦门海沧城市广场","厦门市","海沧区","24.5394","117.956546","0.0","1.0","5.0","rule",""
"MALL_00095","广州南沙万达广场","广州市","22.794636","113.532636","10418","MALL_41A6973A","广州南沙万达广场","广州市","南沙区","22.794636","113.532636","0.0","1.0","5.0","rule",""
"MALL_00096","金鹰(京华城店)","扬州市","32.385309","119.374466","14713","MALL_28AE42A7","金鹰","扬州市","邗江区","32.385309","119.374466","0.0","0.5","3.0","llm","候选商场new_id=14713的名称为'金鹰(京华城店)'，与待匹配商场的original_name完全一致，且距离为0km，地址中明确包含'京华城路168号京华城全生活广场西侧1-3层'，位置信息高度吻合。虽然另一候选'京华城'在地理上也非常接近，但名称匹配度不如该选项高，且'金鹰(京华城店)'是金鹰品牌在京华城内的具体门店，属于同一实体的不同命名方式。因此判定为同一商场。"
"MALL_00099","厦门万象城","厦门市","24.47225","118.11101","26313","MALL_58BAF7F2","厦门万象城","厦门市","思明区","24.47225","118.11101","0.0","1.0","5.0","rule",""
"MALL_00103","大连罗斯福","大连市","38.912848","121.586425","28148","MALL_C6B77E35","大连罗斯福广场","大连市","沙河口区","38.912848","121.586425","0.0","1.0","5.0","rule",""
"MALL_00107","南昌T16购物中心","南昌市","28.700499","115.86819","16137","MALL_B19ABDCD","南昌T16购物中心","南昌市","红谷滩区","28.700499","115.86819","0.0","1.0","5.0","rule",""
"MALL_00110","万达广场","焦作市","35.204386","113.239156","20436","MALL_67C19A87","万达广场","焦作市","解放区","35.204386","113.239156","0.0","1.0","5.0","rule",""
"MALL_00112","临沂万象汇","临沂市","35.056461","118.342628","6721","MALL_FEF341D4","临沂万象汇","临沂市","兰山区","35.056461","118.342628","0.0","1.0","5.0","rule",""
"MALL_00113","江北虹悦城","南京市","32.067162","118.64003","13793","MALL_4AB7986F","江北虹悦城","南京市","浦口区","32.067162","118.64003","0.0","1.0","5.0","rule",""
"MALL_00116","天河领展广场","广州市","23.123706","113.344307","10469","MALL_289E9008","天河领展广场","广州市","天河区","23.123706","113.344307","0.0","1.0","5.0","rule",""
"MALL_00118","成都合生汇","成都市","30.685451","103.863341","3846","MALL_A9CDE3A7","成都合生汇","成都市","温江区","30.685451","103.863341","0.0","1.0","5.0","rule",""
"MALL_00119","晋中天美杉杉奥特莱斯","晋中市","37.717905","112.718852","9730","MALL_EF69DE09","晋中天美杉杉奥特莱斯","晋中市","榆次区","37.717905","112.718852","0.0","1.0","5.0","rule",""
"MALL_00128","金帝·银泰城","绍兴市","29.985424","120.578763","22320","MALL_86F143F7","金帝·银泰城","绍兴市","越城区","29.985424","120.578763","0.0","1.0","5.0","rule",""
"MALL_00129","保利广场","广州市","23.099073","113.38327","10486","MALL_6E9D0610","保利广场","广州市","海珠区","23.09875","113.383911","0.07475486752734496","1.0","4.925245132472655","rule",""
"MALL_00130","卓悦中心","深圳市","22.538056","114.065013","11424","MALL_DE6E25E3","卓悦中心西区","深圳市","福田区","22.536119","114.064581","0.21990682683940427","0.5","2.780093173160596","llm","候选商场'卓悦中心西区'与待匹配商场'卓悦中心'位于同一城市（深圳市），距离仅0.22km，且名称高度相关，属于同一商场的不同区域（西区）的常见命名差异，符合品牌方或运营中对分区块的命名习惯，因此判定为同一实体。"
"MALL_00131","常州万象城","常州市","31.749838","119.958999","14235","MALL_2F3D96B6","常州万象城","常州市","天宁区","31.749838","119.958999","0.0","1.0","5.0","rule",""
"MALL_00132","磐基名品中心","厦门市","24.482282","118.120474","26327","MALL_FFB21E0F","磐基莲花里","厦门市","思明区","24.484334","118.127433","0.7402684657665903","0.5","2.25973153423341","llm","候选商场'磐基莲花里'与待匹配商场'磐基名品中心'位于同一城市（厦门市），距离仅0.74公里，且名称中均包含'磐基'，表明属于同一品牌或项目系列。'莲花里'可能是该商场的别名或后续更名，符合常见命名差异情况，因此判断为同一实体。"
"MALL_00135","汇悦大融城","江门市","22.611795","113.082172","11192","MALL_8EA8F2AC","汇悦大融城","江门市","蓬江区","22.611795","113.082172","0.0","1.0","5.0","rule",""
"MALL_00136","步步高梅溪商业中心","长沙市","28.199351","112.862203","25239","MALL_652A1B38","步步高梅溪新天地","长沙市","岳麓区","28.198201","112.86116","0.16370397457485375","0.9090909090909091","4.654477843606965","rule",""
"MALL_00138","清远万达","清远市","23.712794","113.013406","11539","MALL_21CE6BD2","清远清城万达广场","清远市","清城区","23.712794","113.013406","0.0","0.8","3.6","llm","候选商场与待匹配商场位于同一城市（清远市），距离为0.0km，名称高度相似（'清远万达'与'清远清城万达广场'），属于常见的命名扩展形式（添加行政区‘清城’和通用后缀‘广场’），符合品牌方命名习惯，因此判定为同一实体。"
"MALL_00140","中央国际新亚广场","淮安市","33.597509","119.026874","15110","MALL_87DD45FA","中央国际新亚广场","淮安市","清江浦区","33.597509","119.026874","0.0","1.0","5.0","rule",""
"MALL_00142","西安大都荟","西安市","34.237634","108.893818","30608","MALL_0DCC9207","西安大都荟","西安市","雁塔区","34.237634","108.893818","0.0","1.0","5.0","rule",""
"MALL_00143","杭州西溪印象城A座","杭州市","30.247439","120.050393","21705","MALL_C0DB7E81","杭州西溪印象城","杭州市","余杭区","30.247286","120.049675","0.07103604456803242","0.8","3.5289639554319674","llm","候选商场与待匹配商场位于同一城市（杭州市），距离仅0.07公里，在允许范围内。名称'杭州西溪印象城A座'与'杭州西溪印象城'高度相似，A座属于该商场的常见分区命名方式，属于同一主体的不同部分或别名关系，符合常见命名差异。"
"MALL_00144","CityOn熙地港(郑州)购物中心","郑州市","34.78481","113.717482","20794","MALL_B0BC4E20","CityOn熙地港(郑州)购物中心","郑州市","金水区","34.78481","113.717482","0.0","1.0","5.0","rule",""
"MALL_00145","南宁安吉万达广场","南宁市","22.869635","108.291628","12305","MALL_D3773602","南宁安吉万达广场","南宁市","西乡塘区","22.869635","108.291628","0.0","1.0","5.0","rule",""
"MALL_00150","八佰伴A馆","无锡市","31.898565","120.269947","14843","MALL_546BE8CD","八佰伴A馆","无锡市","江阴市","31.897491","120.270281","0.12351568080654017","1.0","4.87648431919346","rule",""
"MALL_00151","新海港海口国际免税城","海口市","20.049064","110.161355","22763","MALL_0A2AE9C3","新海港海口国际免税城","海口市","秀英区","20.049064","110.161355","0.0","1.0","5.0","rule",""
"MALL_00152","中华城","厦门市","24.452752","118.082665","26309","MALL_7A7FE7DF","中华城","厦门市","思明区","24.452752","118.082665","0.0","1.0","5.0","rule",""
"MALL_00154","杭州中心","杭州市","30.272664","120.165652","21757","MALL_83A5EFBB","杭州中心","杭州市","拱墅区","30.272664","120.165652","0.0","1.0","5.0","rule",""
"MALL_00160","长沙万象城","长沙市","28.218355","112.951013","25248","MALL_CE8D8308","长沙万象城","长沙市","岳麓区","28.218355","112.951013","0.0","1.0","5.0","rule",""
"MALL_00161","万象宜宾天地","宜宾市","28.72881","104.630719","3416","MALL_14583CAF","万象宜宾天地","宜宾市","叙州区","28.72881","104.630719","0.0","1.0","5.0","rule",""
"MALL_00162","北国先天下","石家庄市","38.04212","114.526791","18107","MALL_EA3CE93F","北国先天下","石家庄市","长安区","38.04212","114.526791","0.0","1.0","5.0","rule",""
"MALL_00164","深圳龙岗万达广场","深圳市","22.673839","114.131127","11510","MALL_2A542679","深圳龙岗万达广场","深圳市","龙岗区","22.673839","114.131127","0.0","1.0","5.0","rule",""
"MALL_00165","荆州万达","荆州市","30.341841","112.222723","23674","MALL_ACE44260","荆州古城万达广场","荆州市","荆州区","30.339511","112.224083","0.2901003683399409","0.8","3.309899631660059","llm","候选商场'荆州古城万达广场'与待匹配商场'荆州万达'位于同一城市（荆州市），距离仅0.29公里，在合理范围内。名称相似度较高（0.8），且'荆州万达'可视为'荆州古城万达广场'的简称，符合万达广场常见命名习惯（区域+品牌+广场）。因此判断为同一实体。"
"MALL_00166","曼蒂广场","西安市","34.212861","108.966051","30602","MALL_23E3AFF5","曼蒂广场","西安市","雁塔区","34.212861","108.966051","0.0","1.0","5.0","rule",""
"MALL_00168","PA MALL 平安金融中心","深圳市","22.53317","114.055651","11417","MALL_0DC488E4","PA MALL平安金融中心","深圳市","福田区","22.53317","114.055651","0.0","1.0","5.0","rule",""
"MALL_00170","王府井百货B馆","西宁市","36.621458","101.777462","30787","MALL_395C0AB9","王府井百货","西宁市","城中区","36.62176","101.777596","0.035646680078926546","0.6","3.1643533199210734","llm","候选商场与待匹配商场位于同一城市（西宁市），距离仅0.036km，在合理范围内。名称上，'王府井百货B馆'与'王府井百货'属于同一品牌，且候选名为'王府井百货(中心店)'，可视为同一商场的不同命名方式（B馆可能是其分馆或别称），符合常见命名差异或品牌方命名习惯，因此判定为同一实体。"
"MALL_00171","Livat荟聚","无锡市","31.582702","120.394217","14888","MALL_78EED880","Livat荟聚","无锡市","锡山区","31.582702","120.394217","0.0","1.0","5.0","rule",""
"MALL_00172","万家丽国际购物广场","长沙市","28.189771","113.032322","25330","MALL_DC001BBE","万家丽国际购物广场","长沙市","芙蓉区","28.189771","113.032322","0.0","1.0","5.0","rule",""
"MALL_00174","PO PARK东方宝泰","广州市","23.147394","113.324798","10458","MALL_D99D1287","PO PARK东方宝泰","广州市","天河区","23.147394","113.324798","0.0","1.0","5.0","rule",""
"MALL_00175","无锡万象城","无锡市","31.514054","120.282791","14874","MALL_10780BB8","无锡万象城","无锡市","滨湖区","31.514054","120.282791","0.0","1.0","5.0","rule",""
"MALL_00176","太古汇","广州市","23.134218","113.332479","10472","MALL_E20BBD56","太古汇","广州市","天河区","23.134218","113.332479","0.0","1.0","5.0","rule",""
"MALL_00177","太原万象城","太原市","37.807606","112.528539","9429","MALL_661FF678","太原万象城","太原市","万柏林区","37.807606","112.528539","0.0","1.0","5.0","rule",""
"MALL_00179","汇嘉时代广场(北京路店)","乌鲁木齐市","43.876141","87.556763","13131","MALL_AEB9686F","汇嘉时代广场","乌鲁木齐市","新市区","43.876141","87.556763","0.0","0.5714285714285714","3.142857142857143","llm","候选商场与待匹配商场位于同一城市（乌鲁木齐市），距离为0.0km，且名称高度相似。候选商场名称为'汇嘉时代广场'，而原商场名称为'汇嘉时代广场(北京路店)'，括号内信息为常见分店标识，属于品牌方命名或别名形式。此外，候选商场的original_name完全一致，进一步确认为同一实体。"
"MALL_00180","皇城恒隆广场","沈阳市","41.802346","123.455091","28549","MALL_29F3AD2D","皇城恒隆广场","沈阳市","沈河区","41.802346","123.455091","0.0","1.0","5.0","rule",""
"MALL_00182","吉林欧亚商都综合体","吉林市","43.790211","126.553918","2463","MALL_5B8A4DDB","吉林欧亚商都综合体","吉林市","丰满区","43.790211","126.553918","0.0","1.0","5.0","rule",""
"MALL_00183","Paradise Walk(龙湖杭州滨江天街店)","杭州市","30.200993","120.203008","21826","MALL_25A0870C","龙湖杭州滨江天街","杭州市","滨江区","30.200758","120.203853","0.08530697904030618","0.5517241379310345","3.0181412968217627","llm","待匹配商场名称为'Paradise Walk(龙湖杭州滨江天街店)'，候选商场为'龙湖杭州滨江天街'，两者位于同一城市（杭州市），且距离仅0.085公里，在预筛选范围内。名称中'Paradise Walk'可能是品牌推广名或别名，括号内主体名称与候选名称完全一致，属于常见命名差异，可判断为同一实体。"
"MALL_00184","榆林榆阳万达广场","榆林市","38.24733","109.75375","30102","MALL_323C7389","榆林榆阳万达广场","榆林市","榆阳区","38.24733","109.75375","0.0","1.0","5.0","rule",""
"MALL_00185","友谊·南海城","海口市","19.996506","110.296294","22798","MALL_442C3489","友谊·南海城","海口市","龙华区","19.996506","110.296294","0.0","1.0","5.0","rule",""
"MALL_00186","世界城广场","武汉市","30.506221","114.4052","23446","MALL_DA97581A","世界城广场","武汉市","洪山区","30.506221","114.4052","0.0","1.0","5.0","rule",""
"MALL_00189","CityOn熙地港(西安)购物中心","西安市","34.338371","108.945767","30435","MALL_DF1DF68F","CityOn熙地港(西安)购物中心","西安市","未央区","34.338371","108.945767","0.0","1.0","5.0","rule",""
"MALL_00190","益田假日广场(深圳华侨城店)","深圳市","22.537436","113.975103","11347","MALL_04276418","益田假日广场","深圳市","南山区","22.537436","113.975103","0.0","0.5","3.0","llm","候选商场与待匹配商场位于同一城市（深圳市），距离为0.0km，且名称高度相似。候选商场名称为'益田假日广场'，是'益田假日广场(深圳华侨城店)'的常见简化命名形式，属于同一品牌在相同位置的标准别名，因此判断为同一实体。"
"MALL_00191","郑州二七万达广场","郑州市","34.718184","113.64303","20638","MALL_87926267","郑州二七万达广场","郑州市","二七区","34.718184","113.64303","0.0","1.0","5.0","rule",""
"MALL_00192","太原茂业天地","太原市","37.82487","112.566964","9463","MALL_A47AF3E6","太原茂业天地购物中心1期","太原市","小店区","37.824036","112.566073","0.12134435842618091","0.5","2.878655641573819","llm","候选商场与待匹配商场位于同一城市（太原市），距离仅0.12公里，在预筛选范围内。名称上，'太原茂业天地购物中心1期' 包含 '太原茂业天地' 的核心名称，'购物中心1期' 可视为对同一商场的扩展命名或分期标识，属于常见的命名差异。因此判断为同一实体。"
"MALL_00200","华润·铁西万象汇","沈阳市","41.795215","123.372679","28622","MALL_CD984700","华润·铁西万象汇","沈阳市","铁西区","41.795215","123.372679","0.0","1.0","5.0","rule",""
"MALL_00202","济南万象城","济南市","36.658808","117.100205","7458","MALL_F9D3CE2C","济南万象城","济南市","历下区","36.658808","117.100205","0.0","1.0","5.0","rule",""
"MALL_00204","维多利摩尔城A座","呼和浩特市","40.830352","111.710004","1693","MALL_078A4D35","维多利摩尔城A座","呼和浩特市","赛罕区","40.830352","111.710004","0.0","1.0","5.0","rule",""
"MALL_00206","义乌之心","金华市","29.309502","120.073528","22463","MALL_5D93516A","义乌之心","金华市","义乌市","29.309502","120.073528","0.0","1.0","5.0","rule",""
"MALL_00208","鞍山万象汇","鞍山市","41.110166","122.984987","29019","MALL_826AED12","鞍山万象汇","鞍山市","铁东区","41.110166","122.984987","0.0","1.0","5.0","rule",""
"MALL_00211","成都大悦城","成都市","30.626041","104.011166","3823","MALL_81ECE666","成都大悦城","成都市","武侯区","30.626041","104.011166","0.0","1.0","5.0","rule",""
"MALL_00212","乐峰广场","广州市","23.088633","113.259082","10485","MALL_95E25247","乐峰广场","广州市","海珠区","23.088633","113.259082","0.0","1.0","5.0","rule",""
"MALL_00213","建发悠阅城","银川市","38.428065","106.23916","5137","MALL_F3769920","建发悠阅城","银川市","金凤区","38.428065","106.23916","0.0","1.0","5.0","rule",""
"MALL_00215","正佳广场","广州市","23.132145","113.327019","10474","MALL_B6389DE0","正佳广场","广州市","天河区","23.132145","113.327019","0.0","1.0","5.0","rule",""
"MALL_00217","成都银泰城","成都市","30.541043","104.059159","3829","MALL_C5007DBC","成都银泰城","成都市","武侯区","30.541043","104.059159","0.0","1.0","5.0","rule",""
"MALL_00219","海雅缤纷天地","中山市","22.718041","113.305743","10213","MALL_D781699B","海雅缤纷天地","中山市","南朗街道","22.716473","113.307246","0.23273310469503486","1.0","4.7672668953049655","rule",""
"MALL_00221","金凤万达广场","银川市","38.486453","106.248326","5151","MALL_D63D8936","金凤万达广场","银川市","金凤区","38.486453","106.248326","0.0","1.0","5.0","rule",""
"MALL_00223","赤峰红山万达广场","赤峰市","42.253083","118.915975","1851","MALL_6719B818","赤峰红山万达广场","赤峰市","红山区","42.253083","118.915975","0.0","1.0","5.0","rule",""
"MALL_00226","宜兴八佰伴","无锡市","31.357959","119.843805","14749","MALL_493B2A92","宜兴八佰伴购物中心","无锡市","宜兴市","31.357959","119.843805","0.0","1.0","5.0","rule",""
"MALL_00227","天环Parc Central","广州市","23.132257","113.324701","10470","MALL_AB35F8CF","天环Parc Central","广州市","天河区","23.132257","113.324701","0.0","1.0","5.0","rule",""
"MALL_00228","欧亚商都","长春市","43.869986","125.30129","3078","MALL_233EFAFE","欧亚商都","长春市","朝阳区","43.869986","125.30129","0.0","1.0","5.0","rule",""
"MALL_00230","UDV 河南商丘正弘汇","商丘市","34.437454","115.656689","19389","MALL_A8864FF0","UDV 河南商丘正弘汇","商丘市","梁园区","34.437454","115.656689","0.0","1.0","5.0","rule",""
"MALL_00232","西安大悦城","西安市","34.216544","108.962048","30607","MALL_73C53580","西安大悦城","西安市","雁塔区","34.216544","108.962048","0.0","1.0","5.0","rule",""
"MALL_00233","世纪金源购物中心","昆明市","24.977283","102.762234","744","MALL_F7AE7352","世纪金源购物中心","昆明市","官渡区","24.977526","102.762178","0.02760364235267026","1.0","4.97239635764733","rule",""
"MALL_00234","武汉荟聚","武汉市","30.618373","114.167654","23489","MALL_792601CC","武汉荟聚","武汉市","硚口区","30.618373","114.167654","0.0","1.0","5.0","rule",""
"MALL_00235","拉萨城关万达广场","拉萨市","29.65633","91.181558","27117","MALL_9E9ABCEC","拉萨城关万达广场","拉萨市","城关区","29.65633","91.181558","0.0","1.0","5.0","rule",""
"MALL_00236","龙湖济南奥体天街","济南市","36.652946","116.908122","7594","MALL_02AFDD43","龙湖济南西城天街","济南市","槐荫区","36.652946","116.908122","0.0","0.75","3.5","llm","待匹配商场的original_name为'龙湖济南西城天街'，与候选商场的新名称完全一致，且距离为0km，属于同一地理位置的同一商场，仅为品牌命名更新或数据修正。"
"MALL_00238","兰州中心","兰州市","36.069013","103.774761","25481","MALL_1C94B2A4","兰州中心","兰州市","七里河区","36.069013","103.774761","0.0","1.0","5.0","rule",""
"MALL_00240","佛山王府井紫薇港·WALKIN","佛山市","23.010341","113.100236","10335","MALL_828CBC76","佛山王府井紫薇港·WALKIN","佛山市","禅城区","23.010341","113.100236","0.0","1.0","5.0","rule",""
"MALL_00241","星河城购物中心","东莞市","23.022029","113.790502","10184","MALL_A5D7467E","星河城购物中心","东莞市","东城街道","23.022029","113.790502","0.0","1.0","5.0","rule",""
"MALL_00242","福州万象城","福州市","26.074893","119.277387","26976","MALL_231676A7","福州万象城","福州市","鼓楼区","26.074893","119.277387","0.0","1.0","5.0","rule",""
"MALL_00246","合肥万象城","合肥市","31.799481","117.230754","5500","MALL_F4BEDF05","合肥万象城","合肥市","蜀山区","31.799481","117.230754","0.0","1.0","5.0","rule",""
"MALL_00248","济宁万象汇","济宁市","35.415391","116.699676","7708","MALL_E8DAD36C","济宁万象汇","济宁市","任城区","35.415391","116.699676","0.0","1.0","5.0","rule",""
"MALL_00249","曼巴特购物广场","苏州市","31.860843","120.545135","15482","MALL_21F724CB","曼巴特购物广场","苏州市","张家港市","31.860843","120.545135","0.0","1.0","5.0","rule",""
"MALL_00251","郑州二七万象城","郑州市","34.754929","113.661854","20637","MALL_19DEF9FD","郑州二七万象城","郑州市","二七区","34.754929","113.661854","0.0","1.0","5.0","rule",""
"MALL_00252","喀什万达广场","喀什地区","39.44816","76.029716","13389","MALL_E4762F37","喀什万达广场","喀什地区","喀什市","39.44816","76.029716","0.0","1.0","5.0","rule",""
"MALL_00253","O'PLAZA欢乐海岸购物中心","佛山市","22.818444","113.305785","10353","MALL_5374F264","O'PLAZA欢乐海岸购物中心","佛山市","顺德区","22.818444","113.305785","0.0","1.0","5.0","rule",""
"MALL_00254","济南恒隆广场","济南市","36.663817","117.023715","7459","MALL_2544CEAA","济南恒隆广场","济南市","历下区","36.663817","117.023715","0.0","1.0","5.0","rule",""
"MALL_00256","西安华阳城购物中心","西安市","34.279633","109.071911","30481","MALL_9C124982","西安华阳城购物中心","西安市","灞桥区","34.279633","109.071911","0.0","1.0","5.0","rule",""
"MALL_00258","硕果时代购物中心","抚州市","27.954352","116.364369","16435","MALL_E1C07F3D","硕果时代购物中心","抚州市","临川区","27.954352","116.364369","0.0","1.0","5.0","rule",""
"MALL_00259","北京路天河城","广州市","23.119604","113.270063","10616","MALL_FA9F2BCE","北京路天河城","广州市","越秀区","23.11796","113.269275","0.19977839256729726","1.0","4.800221607432703","rule",""
"MALL_00261","爱琴海购物广场","衡水市","37.716561","115.668385","18261","MALL_52965D2D","爱琴海购物广场","衡水市","桃城区","37.716561","115.668385","0.0","1.0","5.0","rule",""
"MALL_00262","美林M·LIVE天地-东座","广州市","23.105074","113.41565","10476","MALL_6AD13360","美林M·LIVE天地-东座","广州市","天河区","23.105074","113.41565","0.0","1.0","5.0","rule",""
"MALL_00264","万象城","石家庄市","38.041121","114.478698","17970","MALL_030A7074","万象城","石家庄市","桥西区","38.041713","114.478675","0.06585820437531706","1.0","4.934141795624683","rule",""
"MALL_00266","国贸金阳tpmall","贵阳市","26.600319","106.623597","27558","MALL_690C9C27","国贸金阳tpmall","贵阳市","观山湖区","26.600319","106.623597","0.0","1.0","5.0","rule",""
"MALL_00269","天美新天地","太原市","37.819373","112.563748","9460","MALL_FE7B9F4A","天美新天地","太原市","小店区","37.819373","112.563748","0.0","1.0","5.0","rule",""
"MALL_00272","北国商城","石家庄市","38.042399","114.510164","17975","MALL_88BF6AE6","北国商城","石家庄市","桥西区","38.042399","114.510164","0.0","1.0","5.0","rule",""
"MALL_00274","昆百大·泰业城","大理白族自治州","25.585458","100.225615","532","MALL_54F27FF7","昆百大·泰业城","大理白族自治州","大理市","25.585458","100.225615","0.0","1.0","5.0","rule",""
"MALL_00276","宝安大仟里","深圳市","22.569832","113.872509","11381","MALL_80A1B795","大仟里购物中心","深圳市","宝安区","22.569832","113.872509","0.0","0.5714285714285714","3.142857142857143","llm","候选商场与待匹配商场位于同一城市（深圳市），距离为0.0km，符合地理要求。名称上，'宝安大仟里'与'大仟里购物中心'存在常见命名差异：前者省略了'购物中心'，后者补充了具体业态和区域信息；且其原始名为'大仟里购物中心(宝安店)'，明确指向宝安区域的同一名牌项目。因此可判断为同一实体。"
"MALL_00278","西宁王府井大象城购物中心","西宁市","36.6458","101.720476","30820","MALL_7006EA63","西宁王府井大象城购物中心","西宁市","城西区","36.6458","101.720476","0.0","1.0","5.0","rule",""
"MALL_00279","海口万象城","海口市","20.027581","110.315039","22812","MALL_30B49EB2","海口万象城","海口市","龙华区","20.027581","110.315039","0.0","1.0","5.0","rule",""
"MALL_00282","西安SKP","西安市","34.247559","108.948733","30503","MALL_F3501F1B","西安SKP","西安市","碑林区","34.247559","108.948733","0.0","1.0","5.0","rule",""
"MALL_00283","佛山三水万达","佛山市","23.178118","112.904119","10281","MALL_8E43BEC9","佛山三水万达广场","佛山市","三水区","23.178118","112.904119","0.0","1.0","5.0","rule",""
"MALL_00284","万顺达百货","周口市","33.618356","114.648488","19187","MALL_3222DE16","万顺达百货","周口市","川汇区","33.618356","114.648488","0.0","1.0","5.0","rule",""
"MALL_00286","敏捷广场","肇庆市","23.073548","112.501929","11888","MALL_523282F8","敏捷广场","肇庆市","端州区","23.073548","112.501929","0.0","1.0","5.0","rule",""
"MALL_00287","万象城2期","青岛市","36.0689","120.377185","8996","MALL_A2571C15","万象城2期","青岛市","市南区","36.0689","120.377185","0.0","1.0","5.0","rule",""
"MALL_00290","西安益田假日世界购物中心","西安市","34.269142","108.973712","30430","MALL_D8336B0C","西安益田假日世界购物中心","西安市","新城区","34.269142","108.973712","0.0","1.0","5.0","rule",""
"MALL_00291","东莞松山湖万象汇","东莞市","22.956931","113.896049","10175","MALL_702BB771","东莞松山湖万象汇","东莞市","东城街道","22.956931","113.896049","0.0","1.0","5.0","rule",""
"MALL_00292","杭州临平银泰城","杭州市","30.404516","120.302144","21683","MALL_CFE71D36","杭州临平银泰inPARK","杭州市","临平区","30.390053","120.29488","1.7526328561661697","0.6666666666666666","1.5807004771671636","llm","候选商场'杭州临平银泰inPARK'与待匹配商场'杭州临平银泰城'位于同一城市（杭州市），距离1.75公里，在合理范围内。名称差异为'银泰城'与'inPARK'，属于品牌方对同一商场的不同命名方式（如升级或分区命名），且'银泰'核心品牌一致，地址相近，因此判断为同一实体。"
"MALL_00297","成都IFS","成都市","30.654802","104.081504","3986","MALL_0768A93A","成都IFS","成都市","锦江区","30.654802","104.081504","0.0","1.0","5.0","rule",""
"MALL_00299","汕头万象城","汕头市","23.363063","116.717382","11013","MALL_20E3D2A1","汕头万象城","汕头市","龙湖区","23.363063","116.717382","0.0","1.0","5.0","rule",""
"MALL_00300","深圳湾万象城","深圳市","22.514854","113.943912","11342","MALL_31F32C2E","深圳湾万象城","深圳市","南山区","22.514854","113.943912","0.0","1.0","5.0","rule",""
"MALL_00301","泉舜购物","洛阳市","34.612913","112.454476","20156","MALL_C40F0CB4","泉舜购物","洛阳市","洛龙区","34.612913","112.454476","0.0","1.0","5.0","rule",""
"MALL_00304","杭州湖滨银泰in77","杭州市","30.25283","120.163749","21628","MALL_327B40ED","杭州湖滨银泰in77","杭州市","上城区","30.25283","120.163749","0.0","1.0","5.0","rule",""
"MALL_00309","新世纪中心","邯郸市","36.611063","114.495271","18475","MALL_B4273936","新世纪中心","邯郸市","丛台区","36.611063","114.495271","0.0","1.0","5.0","rule",""
"MALL_00310","爱琴海购物中心","唐山市","39.632931","118.165329","17207","MALL_06E9BB59","爱琴海购物中心","唐山市","路北区","39.632931","118.165329","0.0","1.0","5.0","rule",""
"MALL_00311","融创茂","青岛市","35.905298","120.101271","9136","MALL_77CECAE7","融创茂","青岛市","黄岛区","35.905298","120.101271","0.0","1.0","5.0","rule",""
"MALL_00312","温州滨江万象城","温州市","28.017331","120.71029","22045","MALL_DB05C5FD","温州滨江万象城","温州市","鹿城区","28.017331","120.71029","0.0","1.0","5.0","rule",""
"MALL_00314","泰州万象城","泰州市","32.441969","119.922947","14998","MALL_2DCA59C3","泰州万象城","泰州市","海陵区","32.441969","119.922947","0.0","1.0","5.0","rule",""
"MALL_00315","深圳天河城","深圳市","22.577518","114.134599","11457","MALL_7615426A","深圳天河城购物中心","深圳市","罗湖区","22.577518","114.134599","0.0","0.8888888888888888","4.777777777777778","rule",""
"MALL_00316","泰安万达广场","泰安市","36.181292","117.08786","7410","MALL_8D37E2D2","泰安万达广场","泰安市","泰山区","36.181292","117.08786","0.0","1.0","5.0","rule",""
"MALL_00319","永旺梦乐城(武汉金银潭店)","武汉市","30.650288","114.237878","23286","MALL_31EAEDEC","永旺梦乐城","武汉市","东西湖区","30.650288","114.237878","0.0","0.5333333333333333","3.0666666666666664","llm","候选商场与待匹配商场位于同一城市（武汉市），距离为0.0km，且候选商场的original_name与待匹配商场的original_name完全一致，均为'永旺梦乐城(武汉金银潭店)'，属于同一实体。"
"MALL_00320","扬州万象汇","扬州市","32.395034","119.425848","14702","MALL_5DD98B32","扬州万象汇","扬州市","邗江区","32.395034","119.425848","0.0","1.0","5.0","rule",""
"MALL_00321","惠州大亚湾万达广场","惠州市","22.755273","114.47992","10746","MALL_CC81316E","惠州大亚湾万达广场","惠州市","惠阳区","22.755273","114.47992","0.0","1.0","5.0","rule",""
"MALL_00326","丹尼斯·大卫城","郑州市","34.757768","113.665886","20800","MALL_011502B0","丹尼斯·大卫城","郑州市","金水区","34.757768","113.665886","0.0","1.0","5.0","rule",""
"MALL_00327","深圳万象食家","深圳市","22.561698","114.110613","11455","MALL_0FC2B50E","深圳万象食家","深圳市","罗湖区","22.561698","114.110613","0.0","1.0","5.0","rule",""
"MALL_00328","龙湖·苏州狮山天街","苏州市","31.294375","120.556139","15562","MALL_C003AC83","龙湖·苏州狮山天街","苏州市","虎丘区","31.294375","120.556139","0.0","1.0","5.0","rule",""
"MALL_00329","三亚国际免税城1期","三亚市","18.371955","109.750891","22654","MALL_17B5B493","三亚国际免税城","三亚市","海棠区","18.371266","109.752112","0.14990566127031202","0.8","3.450094338729688","llm","候选商场'三亚国际免税城'与待匹配商场'三亚国际免税城1期'位于同一城市（三亚市），距离仅0.15km，地址均为海棠北路118号。名称相似度高（sim=0.8），且'1期'常用于标识分期建设项目，属于常见命名差异，可判断为同一实体。"
"MALL_00330","太原吾悦广场","太原市","37.871697","112.519476","9430","MALL_A0956A43","太原吾悦广场","太原市","万柏林区","37.871697","112.519476","0.0","1.0","5.0","rule",""
"MALL_00331","同德·昆明广场","昆明市","25.068064","102.723753","814","MALL_71D63383","同德·昆明广场","昆明市","盘龙区","25.068064","102.723753","0.0","1.0","5.0","rule",""
"MALL_00333","柏威年","大连市","38.918042","121.629067","28081","MALL_37F8B542","柏威年","大连市","中山区","38.918042","121.629067","0.0","1.0","5.0","rule",""
"MALL_00334","杭州大厦购物城D座(华浙店)","杭州市","30.274269","120.159949","21760","MALL_3C2878D9","杭州大厦","杭州市","拱墅区","30.274286","120.160756","0.07751956878631086","0.5","2.922480431213689","llm","候选商场'杭州大厦'与待匹配的'杭州大厦购物城D座(华浙店)'位于同一城市杭州市，距离仅约77.5米，属于同一建筑群。名称上，'杭州大厦'是该购物城的品牌主体，D座为其组成部分，符合品牌方命名和常见别名关系，因此判断为同一实体。"
"MALL_00336","宁波环球银泰城","宁波市","29.796625","121.545412","21582","MALL_A6BB8E5B","宁波环球银泰城","宁波市","鄞州区","29.796625","121.545412","0.0","1.0","5.0","rule",""
"MALL_00337","万象前海","深圳市","22.531015","113.899626","11327","MALL_A0732F22","万象前海","深圳市","南山区","22.531015","113.899626","0.0","1.0","5.0","rule",""
"MALL_00338","江门新会万达","江门市","22.504177","113.046776","11155","MALL_FE31CE62","江门新会万达广场","江门市","新会区","22.504177","113.046776","0.0","1.0","5.0","rule",""
"MALL_00341","贵和购物中心","济南市","36.663997","117.025665","7465","MALL_1712AB32","贵和购物中心","济南市","历下区","36.663997","117.025665","0.0","1.0","5.0","rule",""
"MALL_00342","沣西吾悦广场","咸阳市","34.301865","108.730538","29730","MALL_83CBE2FB","沣西吾悦广场","咸阳市","秦都区","34.301865","108.730538","0.0","1.0","5.0","rule",""
"MALL_00343","KKMALL京基百纳空间","深圳市","22.543858","114.106877","11443","MALL_17346F5F","KKMALL京基百纳空间","深圳市","罗湖区","22.543858","114.106877","0.0","1.0","5.0","rule",""
"MALL_00344","龙湖·西宸天街","成都市","30.697837","104.031943","3975","MALL_80DF9E79","龙湖·西宸天街","成都市","金牛区","30.697837","104.031943","0.0","1.0","5.0","rule",""
"MALL_00348","武汉SKP","武汉市","30.556575","114.338293","23329","MALL_1F042BED","武汉SKP","武汉市","武昌区","30.556575","114.338293","0.0","1.0","5.0","rule",""
"MALL_00349","天河城","广州市","23.132333","113.322605","10468","MALL_3CFD26C1","天河城","广州市","天河区","23.132333","113.322605","0.0","1.0","5.0","rule",""
"MALL_00351","泸州万象汇","泸州市","28.894197","105.410535","4142","MALL_00DD362A","泸州万象汇","泸州市","江阳区","28.894197","105.410535","0.0","1.0","5.0","rule",""
"MALL_00352","威高广场A馆","威海市","37.504624","122.123132","6948","MALL_61148393","威高广场","威海市","环翠区","37.504624","122.123132","0.0","0.5","3.0","llm","候选商场'威高广场'与待匹配商场'威高广场A馆'位于同一城市（威海市），距离为0km，名称高度相似，'A馆'可视为该商场的分馆或区域标识，属于常见的命名差异，因此判断为同一实体。"
"MALL_00353","北海银海万达广场","北海市","21.432761","109.144339","12179","MALL_225AA129","北海银海万达广场","北海市","银海区","21.432761","109.144339","0.0","1.0","5.0","rule",""
"MALL_00357","西宁海湖万达广场","西宁市","36.642644","101.715863","30818","MALL_0D6B8AC2","西宁海湖万达广场","西宁市","城西区","36.642644","101.715863","0.0","1.0","5.0","rule",""
"MALL_00360","贵阳万象城","贵阳市","26.567594","106.713222","27481","MALL_5686D616","贵阳万象城","贵阳市","南明区","26.560943","106.703573","1.211562383416608","1.0","3.788437616583392","rule",""
"MALL_00361","九江·联盛快乐城","九江市","29.701885","115.970728","16013","MALL_47BD6962","九江·联盛快乐城","九江市","浔阳区","29.701885","115.970728","0.0","1.0","5.0","rule",""
"MALL_00362","大连华南万象汇","大连市","38.991045","121.585263","28200","MALL_90BD8231","大连华南万象汇","大连市","甘井子区","38.991045","121.585263","0.0","1.0","5.0","rule",""
"MALL_00365","青岛万象城1期","青岛市","36.066954","120.377807","9010","MALL_7E8570DD","青岛万象城","青岛市","市南区","36.067152","120.377704","0.02388384925221265","0.7272727272727273","3.430661605293242","llm","候选商场'青岛万象城'与待匹配商场'青岛万象城1期'位于同一城市（青岛市），距离仅0.024km，在合理范围内。名称上，'青岛万象城'是'青岛万象城1期'的常见简称或品牌统称，属于典型的命名差异。另一候选'万象城2期'虽有关联，但名称指向不同期数，且缺少‘青岛’前缀，匹配度较低。因此判定9010为同一实体。"
"MALL_00366","禾巷东区购物中心(泰禾广场西区店)","福州市","26.09015","119.336944","26842","MALL_0BAB08A1","泰禾广场西区","福州市","晋安区","26.090578","119.335653","0.1374283926034389","0.5714285714285714","3.005428750253704","llm","待匹配商场名称为'禾巷东区购物中心(泰禾广场西区店)'，候选商场为'泰禾广场西区'，两者位于同一城市（福州市），距离仅0.137公里，在合理范围内。名称上，'禾巷东区购物中心'可能是'泰禾广场西区'的曾用名或别名，括号内标注'泰禾广场西区店'明确指向该商场，属于常见的命名差异情况，因此判断为同一实体。"
"MALL_00367","顺城购物中心","昆明市","25.035519","102.707467","705","MALL_000D55D2","顺城购物中心","昆明市","五华区","25.035519","102.707467","0.0","1.0","5.0","rule",""
"MALL_00368","港惠新天地东区","惠州市","23.067996","114.41793","10724","MALL_DC6E8B62","港惠新天地东区","惠州市","惠城区","23.067996","114.41793","0.0","1.0","5.0","rule",""
"MALL_00375","开元商城钟楼店","西安市","34.258584","108.948139","30496","MALL_508B1290","开元商城钟楼店","西安市","碑林区","34.258584","108.948139","0.0","1.0","5.0","rule",""
"MALL_00376","K11购物艺术中心","广州市","23.117789","113.326132","10457","MALL_561B2809","K11购物艺术中心","广州市","天河区","23.117789","113.326132","0.0","1.0","5.0","rule",""
"MALL_00377","马鞍山金鹰购物中心","马鞍山市","31.685325","118.508817","6580","MALL_C9BB4DF5","马鞍山金鹰购物中心","马鞍山市","花山区","31.685325","118.508817","0.0","1.0","5.0","rule",""
"MALL_00378","沈阳万象城","沈阳市","41.776552","123.434516","28453","MALL_67DF37C9","沈阳万象城","沈阳市","和平区","41.776552","123.434516","0.0","1.0","5.0","rule",""
"MALL_00381","兰州万象城","兰州市","36.053981","103.844791","25498","MALL_37667A6B","兰州万象城","兰州市","城关区","36.053981","103.844791","0.0","1.0","5.0","rule",""
"MALL_00382","青岛海信广场","青岛市","36.060316","120.396279","9013","MALL_41BE4A98","青岛海信广场","青岛市","市南区","36.060316","120.396279","0.0","1.0","5.0","rule",""
"MALL_00383","龙湖苏州相城天街A馆","苏州市","31.370375","120.636675","15538","MALL_B7C6BF31","龙湖苏州相城天街","苏州市","相城区","31.369343","120.636681","0.11475457817717243","0.8888888888888888","4.663023199600605","rule",""
"MALL_00384","嘉兴八佰伴(中山路店)","嘉兴市","30.758421","120.732155","21236","MALL_F02DF75E","嘉兴八佰伴","嘉兴市","南湖区","30.758421","120.732155","0.0","0.7142857142857143","3.428571428571429","llm","候选商场与待匹配商场位于同一城市（嘉兴市），距离为0.0km，且名称高度相似。'嘉兴八佰伴(中山路店)'与'嘉兴八佰伴'属于同一商场的常见命名差异，括号内标注的分店信息通常用于区分位置，不改变主体名称一致性。此外，原始名称完全一致，均为'嘉兴八佰伴(中山路店)'，进一步确认为同一实体。"
"MALL_00386","杭州万象城商场","杭州市","30.251753","120.215513","21622","MALL_E20197DC","杭州万象城","杭州市","上城区","30.251753","120.215513","0.0","0.7272727272727273","3.4545454545454546","llm","候选商场'杭州万象城'与待匹配商场'杭州万象城商场'名称高度相似，仅在末尾多出'商场'二字，属于常见命名差异；两者地理位置相同（距离0.0km），位于同一城市同一区域，可确认为同一实体。"
"MALL_00387","武汉万象城","武汉市","30.599266","114.280583","23405","MALL_47EAC7FD","武汉万象城","武汉市","江岸区","30.599266","114.280583","0.0","1.0","5.0","rule",""
"MALL_00389","成都太古里","成都市","30.653358","104.083809","3989","MALL_EB0084C3","成都太古里","成都市","锦江区","30.653358","104.083809","0.0","1.0","5.0","rule",""
"MALL_00390","苏州吴江万象汇","苏州市","31.135977","120.617989","15386","MALL_F1361337","苏州吴江万象汇","苏州市","吴江区","31.135977","120.617989","0.0","1.0","5.0","rule",""
"MALL_00391","淮安万象城","淮安市","33.600382","119.043167","15122","MALL_C9FA1988","淮安万象城","淮安市","清江浦区","33.600382","119.043167","0.0","1.0","5.0","rule",""
"MALL_00393","八佰伴","芜湖市","31.340263","118.366291","6192","MALL_BD0ED354","八佰伴","芜湖市","镜湖区","31.340263","118.366291","0.0","1.0","5.0","rule",""
"MALL_00394","常州新北万达广场","常州市","31.817982","119.969503","14262","MALL_6CB8567B","常州新北万达广场","常州市","新北区","31.817982","119.969503","0.0","1.0","5.0","rule",""
"MALL_00396","杭州萧山万象汇","杭州市","30.181857","120.269063","21836","MALL_53E7922A","杭州萧山万象汇","杭州市","萧山区","30.181857","120.269063","0.0","1.0","5.0","rule",""
"MALL_00397","宁波万象城","宁波市","29.898336","121.553454","21511","MALL_F29B8B90","宁波万象城","宁波市","江北区","29.898336","121.553454","0.0","1.0","5.0","rule",""
"MALL_00398","成都SKP","成都市","30.569005","104.070442","3822","MALL_92DADD7D","成都SKP","成都市","武侯区","30.569005","104.070442","0.0","1.0","5.0","rule",""
"MALL_00399","卓展购物中心A座","长春市","43.890501","125.319334","3075","MALL_E3B224B5","卓展购物中心(重庆路店-B座)","长春市","朝阳区","43.891191","125.319186","0.07763571490966376","0.7","3.322364285090336","llm","候选商场与待匹配商场位于同一城市（长春市），距离仅0.078km，在合理范围内。名称上虽有差异，但'卓展购物中心A座'与'卓展购物中心(重庆路店-B座)'均属于'卓展购物中心'品牌，且标注为不同座（A座/B座），符合同一购物中心不同楼栋的命名习惯，属于常见的内部区分。因此判断为同一实体。"
"MALL_00401","金鹰国际购物中心(徐州店)-A座","徐州市","34.266773","117.186791","14596","MALL_985F80B2","金鹰国际购物中心-A座","徐州市","鼓楼区","34.266773","117.186791","0.0","0.8695652173913043","4.739130434782608","rule",""
"MALL_00402","长申国际","洛阳市","34.653927","112.406584","20178","MALL_CFEEDF16","长申国际","洛阳市","涧西区","34.653927","112.406584","0.0","1.0","5.0","rule",""
"MALL_00405","桂林万象城","桂林市","25.262813","110.269287","12605","MALL_FC9E9C4B","桂林万象城","桂林市","秀峰区","25.262813","110.269287","0.0","1.0","5.0","rule",""
"MALL_00406","宝龙一城","厦门市","24.485801","118.17297","26321","MALL_B1E7CBB3","宝龙一城","厦门市","思明区","24.485801","118.17297","0.0","1.0","5.0","rule",""
"MALL_00409","六安金安万达","六安市","31.762161","116.508069","5286","MALL_28CCB885","万达广场","六安市","金安区","31.762389","116.509446","0.1326303898324558","0.5","2.867369610167544","llm","候选商场名称为'万达广场(六安金安店)'，与待匹配商场'六安金安万达'均指向同一城市（六安市）、同一区（金安区），且距离仅0.13公里，符合常见品牌命名差异（'万达广场'与'金安万达'属于同一品牌在本地的命名变体），因此判断为同一实体。"
"MALL_00416","西安荟聚","西安市","34.172518","108.901422","30610","MALL_F06722B1","西安荟聚","西安市","雁塔区","34.172518","108.901422","0.0","1.0","5.0","rule",""
"MALL_00418","南京弘阳广场B馆","南京市","32.137172","118.725633","13786","MALL_72C19E4E","南京弘阳广场C馆","南京市","浦口区","32.139503","118.724186","0.29282185105954367","0.875","4.457178148940456","rule",""
"MALL_00426","景枫中心","南京市","31.929897","118.820195","13771","MALL_C8732A18","景枫中心","南京市","江宁区","31.929897","118.820195","0.0","1.0","5.0","rule",""
"MALL_00433","宜宾万象汇","宜宾市","28.790549","104.679825","3453","MALL_C66A82F3","宜宾万象汇","宜宾市","翠屏区","28.790549","104.679825","0.0","1.0","5.0","rule",""
"MALL_00434","Lion Mall金狮广场","青岛市","36.095611","120.46446","8955","MALL_478349F2","Lion Mall金狮广场","青岛市","崂山区","36.095611","120.46446","0.0","1.0","5.0","rule",""
"MALL_00435","唐山万达广场","唐山市","39.624453","118.186511","17215","MALL_5FD55215","唐山万达广场","唐山市","路南区","39.624453","118.186511","0.0","1.0","5.0","rule",""
"MALL_00442","美美MM购物中心","乌鲁木齐市","43.820145","87.588226","13168","MALL_E7D48599","美美MM购物中心","乌鲁木齐市","沙依巴克区","43.820145","87.588226","0.0","1.0","5.0","rule",""
"MALL_00444","中骏世界城","福州市","26.032119","119.321948","26773","MALL_5BD1BB8C","中骏世界城","福州市","仓山区","26.032119","119.321948","0.0","1.0","5.0","rule",""
"MALL_00445","万象汇","珠海市","22.278607","113.558819","11782","MALL_F592385E","万象汇","珠海市","香洲区","22.278607","113.558819","0.0","1.0","5.0","rule",""
"MALL_00448","江南环球港","常州市","31.840285","119.979663","14265","MALL_004DB2CA","江南环球港","常州市","新北区","31.840285","119.979663","0.0","1.0","5.0","rule",""
"MALL_00450","长春万象城","长春市","43.87947","125.326745","3017","MALL_B978AC94","长春万象城","长春市","南关区","43.87947","125.326745","0.0","1.0","5.0","rule",""
"MALL_00453","西安大融城","西安市","34.338696","108.948671","30453","MALL_674971CA","西安大融城","西安市","未央区","34.338696","108.948671","0.0","1.0","5.0","rule",""
"MALL_00455","万科广场","贵阳市","26.522078","106.711704","27529","MALL_88222880","万科广场","贵阳市","花溪区","26.522078","106.711704","0.0","1.0","5.0","rule",""
"MALL_00457","万泰汇购物中心","揭阳市","23.312489","116.162431","10800","MALL_9AEF2157","万泰汇购物中心","揭阳市","普宁市","23.312489","116.162431","0.0","1.0","5.0","rule",""
"MALL_00461","鼎盛广场购物中心","湛江市","21.210539","110.402036","11688","MALL_B11E88A8","鼎盛广场购物中心","湛江市","霞山区","21.210539","110.402036","0.0","1.0","5.0","rule",""
"MALL_00462","龙湖杭州金沙天街","杭州市","30.310057","120.327207","21901","MALL_EC0FF7A2","龙湖杭州金沙天街","杭州市","钱塘区","30.310057","120.327207","0.0","1.0","5.0","rule",""
"MALL_00464","新百中心","银川市","38.461876","106.280925","5082","MALL_44F8DF70","新百中心C馆","银川市","兴庆区","38.4624","106.281599","0.08269654138795048","0.5","2.917303458612049","llm","候选商场'新百中心C馆'与待匹配商场'新百中心'位于同一城市银川市，距离仅0.083km，在合理范围内。名称上'C馆'为常见分馆命名方式，属于同一商场品牌的扩展部分，符合品牌方命名规律，因此判断为同一实体。"
"MALL_00465","澳德乐时代广场","德州市","37.428619","116.3671","7090","MALL_3A1EF7FC","澳德乐时代广场B座","德州市","德城区","37.427784","116.369984","0.2710597347688786","0.7142857142857143","3.15751169380255","llm","候选商场名称为'澳德乐时代广场B座'，是待匹配商场'澳德乐时代广场'的合理扩展命名（常见于同一建筑群的分座），且距离仅0.27公里，在同一城市（德州市德城区），符合常见命名差异和地理位置接近的条件，判定为同一实体。"
"MALL_00467","郑州郑东万象城","郑州市","34.765546","113.764208","20818","MALL_980BD514","郑州郑东万象城","郑州市","金水区","34.765546","113.764208","0.0","1.0","5.0","rule",""
"MALL_00468","中大国际商业中心","西安市","34.222482","108.897231","30595","MALL_B90754C9","中大国际商业中心","西安市","雁塔区","34.222482","108.897231","0.0","1.0","5.0","rule",""
"MALL_00471","保利·国贸逸天城","贵阳市","26.562742","106.72339","27470","MALL_6AFAF03B","保利·国贸逸天城","贵阳市","南明区","26.562742","106.72339","0.0","1.0","5.0","rule",""
"MALL_00472","青岛凯德MALL","青岛市","36.114063","120.395925","8993","MALL_AF12643B","青岛凯德MALL","青岛市","市北区","36.114063","120.395925","0.0","1.0","5.0","rule",""
"MALL_00476","深业上城商场","深圳市","22.556911","114.070113","11431","MALL_296A597C","深业上城商场","深圳市","福田区","22.556911","114.070113","0.0","1.0","5.0","rule",""
"MALL_00478","兰州万达茂","兰州市","36.089554","103.681293","25480","MALL_A7F87294","兰州万达茂","兰州市","七里河区","36.089554","103.681293","0.0","1.0","5.0","rule",""
"MALL_00479","杭州城北万象城","杭州市","30.351997","120.113049","21703","MALL_B9055E1B","杭州城北万象城","杭州市","余杭区","30.351997","120.113049","0.0","1.0","5.0","rule",""
"MALL_00481","印力汇德隆杭州奥体印象城","杭州市","30.223355","120.252724","21831","MALL_4CA7A23F","印力汇德隆杭州奥体印象城","杭州市","萧山区","30.223355","120.252724","0.0","1.0","5.0","rule",""
"MALL_00482","海岸城购物中心","深圳市","22.516961","113.935647","11338","MALL_C90805D6","海岸城购物中心","深圳市","南山区","22.516961","113.935647","0.0","1.0","5.0","rule",""
"MALL_00483","温州印象城MEGA","温州市","27.984897","120.701103","22042","MALL_9D424B4A","温州印象城MEGA","温州市","鹿城区","27.984897","120.701103","0.0","1.0","5.0","rule",""
"MALL_00485","龙湖杭州西溪天街","杭州市","30.293268","120.068329","21876","MALL_2ACBB3FF","龙湖杭州西溪天街","杭州市","西湖区","30.293268","120.068329","0.0","1.0","5.0","rule",""
"MALL_00487","佳和城","菏泽市","35.234055","115.462934","8845","MALL_C84A003D","佳和城","菏泽市","牡丹区","35.234055","115.462934","0.0","1.0","5.0","rule",""
"MALL_00494","合肥包河万象汇","合肥市","31.808692","117.306929","5356","MALL_6694AEE3","包河万象汇","合肥市","包河区","31.808692","117.306929","0.0","0.8","3.6","llm","候选商场与待匹配商场位于同一城市（合肥市），距离为0.0km，名称高度相似。'包河万象汇'是'合肥包河万象汇'的常见简称形式，属于同一品牌（华润万象汇）在本地的通用称呼方式，符合命名差异规则，因此判定为同一实体。"
"MALL_00495","杭大悦城","杭州市","30.301061","120.130065","21765","MALL_71322F50","杭州大悦城","杭州市","拱墅区","30.301061","120.130065","0.0","0.8571428571428571","4.714285714285714","rule",""
"MALL_00498","番禺奥园广场","广州市","22.924305","113.358446","10527","MALL_5521B9FB","番禺奥园广场","广州市","番禺区","22.924305","113.358446","0.0","1.0","5.0","rule",""
"MALL_00499","成都科华王府井","成都市","30.616647","104.076862","3827","MALL_A58A4E52","成都王府井购物中心","成都市","武侯区","30.618906","104.075937","0.2663289359951567","0.8333333333333334","3.4003377306715104","llm","候选商场与待匹配商场位于同一城市（成都市），距离仅0.27km，在合理范围内。名称上，'成都科华王府井'与'成都王府井购物中心(科华店)'存在明显关联，'科华'被保留为分店标识，且地址均为科华中路附近，属于同一实体的不同命名方式，符合品牌方常见命名规则。"
"MALL_00501","凯德广场·学府","哈尔滨市","45.721194","126.608942","31041","MALL_E31EF8EF","凯德广场·学府","哈尔滨市","南岗区","45.721194","126.608942","0.0","1.0","5.0","rule",""
"MALL_00502","成都天府大悦城A馆","成都市","30.433862","104.08921","3701","MALL_FC5510B1","成都天府大悦城","成都市","双流区","30.433317","104.088968","0.06489084093616697","0.8","3.535109159063833","llm","候选商场与待匹配商场位于同一城市（成都市），距离仅0.065公里，在预筛选范围内。名称'成都天府大悦城A馆'与'成都天府大悦城'高度相似，差异仅为'A馆'后缀，属于同一商场不同馆别的常见命名差异，可判断为同一实体。"
"MALL_00503","龙湖海南海口天街","海口市","19.997702","110.332159","22820","MALL_B129AD46","龙湖海南海口天街","海口市","龙华区","19.997702","110.332159","0.0","1.0","5.0","rule",""
"MALL_00506","武商梦时代","武汉市","30.528691","114.3408","23327","MALL_D9EFE885","武商梦时代","武汉市","武昌区","30.528691","114.3408","0.0","1.0","5.0","rule",""
"MALL_00511","呼和浩特万象城","呼和浩特市","40.804766","111.674675","1675","MALL_CE7642FA","呼和浩特万象城","呼和浩特市","玉泉区","40.804766","111.674675","0.0","1.0","5.0","rule",""
"MALL_00513","阜阳商厦中心","阜阳市","32.891951","115.796314","6501","MALL_0F3869C9","阜阳商厦时代广场","阜阳市","颍州区","32.902919","115.798951","1.244188488282066","0.8","2.355811511717934","llm","候选商场'阜阳商厦时代广场'与待匹配商场'阜阳商厦中心'位于同一城市（阜阳市），距离1.24公里，在合理范围内。名称相似度较高（0.8），且'时代广场'与'中心'可能为同一商业体的不同命名部分或品牌延伸，属于常见命名差异，判断为同一实体。"
"MALL_00514","东百中心","福州市","26.084802","119.298974","26957","MALL_B821C774","东百中心-C馆","福州市","鼓楼区","26.084198","119.299403","0.07966368398872552","0.5","2.9203363160112747","llm","候选商场'东百中心-C馆'与待匹配商场'东百中心'位于同一城市（福州市），距离仅0.08km，在合理范围内。名称上'C馆'为东百中心的分馆标识，属于同一商场品牌的常见命名扩展，符合品牌方命名或别名关系，因此判断为同一实体。"
"MALL_00515","成都万象城","成都市","30.648501","104.115317","3767","MALL_0CA23852","成都万象城","成都市","成华区","30.648501","104.115317","0.0","1.0","5.0","rule",""
"MALL_00518","南昌万象城","南昌市","28.655421","115.847511","16138","MALL_8CBAB1F2","南昌万象城","南昌市","红谷滩区","28.655421","115.847511","0.0","1.0","5.0","rule",""
"MALL_00519","广元利州万达","广元市","32.424378","105.877837","3545","MALL_3A9384A3","广元万达广场","广元市","利州区","32.424378","105.877837","0.0","0.8","3.6","llm","候选商场与待匹配商场位于同一城市（广元市），距离为0.0km，且名称高度相似：'广元利州万达'与'广元万达广场'均为万达品牌在广元的项目，'利州'指明区级位置，'广场'为常见后缀，属于典型命名差异。因此判断为同一实体。"
"MALL_00522","星河COCO Park(福田店)","深圳市","22.533569","114.054007","11428","MALL_87B7BB19","星河COCO Park","深圳市","福田区","22.533569","114.054007","0.0","0.8695652173913043","4.739130434782608","rule",""
"MALL_00523","壹方天地C区","深圳市","22.644218","114.030328","11471","MALL_D06B66F4","壹方天地C区","深圳市","龙华区","22.644218","114.030328","0.0","1.0","5.0","rule",""
"MALL_00524","西咸万象城","西安市","34.290542","108.829339","30451","MALL_335BEC4A","西咸万象城","西安市","未央区","34.290542","108.829339","0.0","1.0","5.0","rule",""
"MALL_00528","贵阳亨特国际店","贵阳市","26.576148","106.719986","27482","MALL_557E1B69","贵阳亨特国际店","贵阳市","南明区","26.576148","106.719986","0.0","1.0","5.0","rule",""
"MALL_00529","太百购物中心","阿克苏地区","41.173662","80.261852","13638","MALL_D9379407","太百购物中心","阿克苏地区","阿克苏市","41.173662","80.261852","0.0","1.0","5.0","rule",""
"MALL_00554","南京金陵天地","南京市","31.975007","118.714141","13718","MALL_723E1718","南京金陵天地","南京市","建邺区","31.975006","118.714111","0.0028319140957782556","1.0","4.997168085904222","rule",""
"MALL_00556","徐州彭城苏宁广场","徐州市","34.265335","117.189091","14588","MALL_8C103BDB","徐州彭城苏宁广场","徐州市","鼓楼区","34.265335","117.189091","0.0","1.0","5.0","rule",""
"MALL_00558","明州里商场","宁波市","29.825691","121.542401","21588","MALL_A23D3BBF","明州里","宁波市","鄞州区","29.825691","121.542401","0.0","0.5714285714285714","3.142857142857143","llm","候选商场'明州里'与待匹配商场'明州里商场'名称高度相似，属于常见命名差异（去掉'商场'后缀），且位于同一城市宁波市，距离为0km，符合同一实体的判断标准。"
"MALL_00559","厦门大悦城","厦门市","24.592382","118.055468","26397","MALL_26AA35B6","厦门大悦城","厦门市","集美区","24.592382","118.055468","0.0","1.0","5.0","rule",""
"MALL_00560","龙岩万宝广场","龙岩市","25.083059","117.020499","27047","MALL_C5B794DD","万宝广场","龙岩市","新罗区","25.083593","117.020852","0.06920667795965345","0.6666666666666666","3.26412665537368","llm","候选商场与待匹配商场位于同一城市（龙岩市），距离仅0.069公里，在预筛选范围内。名称上，'龙岩万宝广场'与'万宝广场'高度相似，且候选商场的原名包含'万宝广场(龙岩店)'，表明是同一商场的不同命名方式，属于常见的品牌方命名或别名关系。地址信息一致（龙岩大道388号）进一步支持为同一实体。"
"MALL_00565","广州琶洲保利","广州市","23.098658","113.383644","10486","MALL_6E9D0610","保利广场","广州市","海珠区","23.09875","113.383911","0.02916207761877908","0.5","2.9708379223812207","llm","候选商场'保利广场'与待匹配商场'广州琶洲保利'位于同一城市（广州市），距离仅约0.03公里（在2km范围内），且名称中均包含'保利'，属于同一品牌系列的常见命名方式。结合地理位置极近及品牌一致性，可判断为同一实体的不同命名表达。"
"MALL_00566","广州融创","广州市","23.426934","113.232409","10576","MALL_DF85C579","融创茂","广州市","花都区","23.426934","113.232409","0.0","0.5714285714285714","3.142857142857143","llm","候选商场'融创茂'与待匹配商场'广州融创'位于同一城市（广州市），距离极近（0.0km），且地址中均包含'融创'及'凤凰北路63号'，属于同一建筑群。名称差异为常见品牌命名简化（'广州融创'常被称为'融创茂'），符合同一实体的别名关系。"
"MALL_00568","KKONE购物中心北区","深圳市","22.528094","114.026793","11416","MALL_73CCDEAF","KKONE购物中心北区","深圳市","福田区","22.528094","114.026793","0.0","1.0","5.0","rule",""
"MALL_00572","天府和悦广场","成都市","30.487008","104.084153","3696","MALL_5C618427","天府和悦广场","成都市","双流区","30.487008","104.084153","0.0","1.0","5.0","rule",""
"MALL_00573","金牛凯德广场","成都市","30.703419","104.044533","3958","MALL_C850CE16","凯德广场","成都市","金牛区","30.703304","104.044672","0.01844257862300902","0.6666666666666666","3.3148907547103246","llm","候选商场名称为'凯德广场(金牛店)'，与待匹配的'金牛凯德广场'名称顺序不同但关键词完全一致，属于同一品牌在相同区域（金牛区）的常见命名变体；且距离仅18.4米，在合理范围内，因此判定为同一实体。"
"MALL_00576","西安赛格广场","西安市","34.223248","108.948116","30612","MALL_D723023E","赛格国际购物中心","西安市","雁塔区","34.223525","108.948254","0.03331193889509257","0.5","2.9666880611049073","llm","待匹配商场名为'西安赛格广场'，候选商场中'赛格国际购物中心'虽名称不完全一致，但均含核心词'赛格'，且位于西安市雁塔区，距离仅约33米，地理位置极近，符合常见命名差异（如品牌方命名习惯：'赛格广场'与'赛格国际购物中心'为同一运营商旗下常见命名风格），因此判断为同一实体。另一候选'西安大悦城'名称和定位均无关联，排除。"
"MALL_00579","长沙北辰荟","长沙市","28.23857","112.978583","25272","MALL_37F04375","长沙北辰荟","长沙市","开福区","28.236963","112.978086","0.18520429420179624","1.0","4.814795705798204","rule",""
"MALL_00583","南通CBD大有境A座","南通市","31.969084","120.894041","14019","MALL_0BDC8252","南通CBD大有境","南通市","崇川区","31.969084","120.894041","0.0","0.8888888888888888","4.777777777777778","rule",""
"MALL_00589","郑州原万达","郑州市","34.746421","113.601543","20571","MALL_1CB85CEC","万达广场","郑州市","中原区","34.746421","113.601543","0.0","0.5714285714285714","3.142857142857143","llm","待匹配商场名称为'郑州原万达'，原始名称为'万达广场(郑州中原店)'，候选商场名称为'万达广场'，原始名称相同，均为'万达广场(郑州中原店)'，且距离为0km，属于同一地点。名称差异为常见简称或别名关系，符合品牌方命名习惯，因此判定为同一实体。"
"MALL_00591","诺仕达商业广场","昆明市","24.877844","102.82584","723","MALL_EA8B7B85","诺仕达商业广场","昆明市","呈贡区","24.877637","102.825982","0.027110701803435052","1.0","4.972889298196565","rule",""
"MALL_00595","成都世茂广场","成都市","30.582079","104.188457","4053","MALL_ED3BAB39","成都世茂广场","成都市","龙泉驿区","30.582079","104.188457","0.0","1.0","5.0","rule",""
"MALL_00596","龙湖成都金楠天街","成都市","30.64845","103.996202","3836","MALL_D73C3BCD","龙湖成都金楠天街","成都市","武侯区","30.64845","103.996202","0.0","1.0","5.0","rule",""
"MALL_00601","成都悠方广场","成都市","30.58304","104.053378","3821","MALL_C557E57D","悠方购物中心","成都市","武侯区","30.583076","104.057221","0.36790017625968874","0.6666666666666666","2.9654331570736447","llm","待匹配商场名为'成都悠方广场'，候选商场'悠方购物中心'（new_id: 3821）名称高度相似，仅在后缀'广场'与'购物中心'及是否包含城市前缀上存在常见命名差异，且两者距离仅0.368km，位于同一城市同一区域，符合同一实体的特征。另一候选'成都摩方购物中心'名称差异较大，不像是同一商场。"
"MALL_00602","厦门湾悦城","厦门市","24.514569","118.161862","26369","MALL_32EA187C","湾悦城购物中心","厦门市","湖里区","24.515766","118.161605","0.13561616628577056","0.5714285714285714","3.007240976571372","llm","候选商场'湾悦城购物中心'与待匹配商场'厦门湾悦城'位于同一城市（厦门市），距离仅0.136km，在合理范围内。名称上，'厦门湾悦城'与'湾悦城购物中心'具有明显关联性，'厦门'为城市前缀，'购物中心'为后缀补充，核心名称'湾悦城'一致，属于常见命名差异或别名关系，因此判断为同一实体。"
"MALL_00604","莆田万达广场","莆田市","25.419692","118.997636","26995","MALL_4097AC9D","万达广场","莆田市","城厢区","25.418606","118.996424","0.1714600988053075","0.6666666666666666","3.161873234528026","llm","候选商场与待匹配商场位于同一城市（莆田市），距离仅0.17公里，在预筛选范围内。名称上，'莆田万达广场'与'万达广场(莆田城厢店)'存在常见命名差异，后者为品牌方在具体区域（城厢区）的扩展命名形式，且地址位于荔华东大道225号，属于霞林街道，与城厢区一致，符合同一实体特征。"
"MALL_00605","贵阳国贸广场","贵阳市","26.584648","106.711798","27447","MALL_A5F3E77F","国贸广场","贵阳市","云岩区","26.584648","106.711798","0.0","0.6666666666666666","3.333333333333333","llm","候选商场'国贸广场'与待匹配商场'贵阳国贸广场'位于同一城市（贵阳市），距离为0.0km，符合距离条件。名称上，'国贸广场'是'贵阳国贸广场'的常见简称或命名简化形式，且其原始名称标注为'国贸广场(中华北路店)'，进一步表明其为同一实体的不同命名方式。另一候选'贵阳亨特国际店'名称差异较大，且位于不同城区，排除。因此判断new_id为27447的候选为同一商场。"
"MALL_00606","大连亿合城","大连市","39.048154","121.781458","28238","MALL_02A9F7A2","亿合城","大连市","金州区","39.048154","121.781458","0.0","0.6666666666666666","3.333333333333333","llm","候选商场与待匹配商场位于同一城市（大连市），距离为0km，名称高度相关：'大连亿合城'与'亿合城'属于典型的品牌命名简化形式，且候选商场标注为'开发区店'，与地址'开发区金马路208号'一致，可确认为同一实体。"
"MALL_00611","前海壹方汇","深圳市","22.529207","113.896641","11331","MALL_FCCF77E4","前海壹方汇","深圳市","南山区","22.529207","113.896641","0.0","1.0","5.0","rule",""
"MALL_00616","万达广场","德阳市","31.159291","104.414994","3652","MALL_F5E91E7A","万达广场","德阳市","旌阳区","31.16023","104.414329","0.1220892536193868","1.0","4.877910746380613","rule",""
"MALL_00618","北国先天下","保定市","38.88971","115.469775","16946","MALL_CFEA0B90","北国先天下","保定市","竞秀区","38.889652","115.469764","0.006519196913111539","1.0","4.9934808030868885","rule",""
"MALL_00619","Livat荟聚","长沙市","28.117679","112.937588","25229","MALL_A8B61B81","Livat荟聚","长沙市","岳麓区","28.117638","112.937742","0.015776157456554012","1.0","4.984223842543446","rule",""
"MALL_00622","贵阳万象汇","贵阳市","26.6195","106.621696","27570","MALL_A289C2AC","贵阳万象汇","贵阳市","观山湖区","26.620558","106.621622","0.11787399619824236","1.0","4.8821260038017575","rule",""
"MALL_00626","成都IFS国际金融中心","成都市","30.654937","104.081419","3986","MALL_0768A93A","成都IFS","成都市","锦江区","30.654802","104.081504","0.017071868569421073","0.7142857142857143","3.4114995600020075","llm","候选商场'成都IFS'与待匹配商场'成都IFS国际金融中心'位于同一城市（成都市），距离仅0.017公里，且'成都IFS'是'成都IFS国际金融中心'的常见简称，命名差异合理，属于同一实体。"
"MALL_00628","楚河汉街","武汉市","30.558656","114.337237","23332","MALL_2A5C80D1","汉街万达","武汉市","武昌区","30.558907","114.332275","0.4759347333073981","0.5","2.524065266692602","llm","候选商场'汉街万达'与待匹配商场'楚河汉街'位于同一城市（武汉市），距离仅0.48km，在合理范围内。虽然名称不完全一致，但'楚河汉街'是武汉著名商业街区，而'汉街万达'是该区域内知名的万达广场，常被视为楚河汉街核心组成部分，属于品牌方命名与区域别名的常见差异，因此判断为同一实体。"
"MALL_00630","广州信达金茂广场","广州市","23.174628","113.331028","10463","MALL_6FAB960B","信达金茂广场","广州市","天河区","23.170889","113.319125","1.2858419002642159","0.8","2.314158099735784","llm","候选商场与待匹配商场位于同一城市（广州市），距离在2km范围内（1.29km），名称高度相似（'广州信达金茂广场'与'信达金茂广场'），仅缺少地域前缀'广州'，属于常见的命名差异，且地址信息一致（广州大道北980号，近梅花园地铁站），因此判断为同一实体。"
"MALL_00634","泰华城新天地","潍坊市","36.709991","119.111977","8202","MALL_EFF9B55F","泰华城·新天地","潍坊市","奎文区","36.709991","119.111977","0.0","1.0","5.0","rule",""
"MALL_00641","杭州城西银泰城","杭州市","30.298372","120.11045","21772","MALL_404358CB","银泰百货","杭州市","拱墅区","30.299497","120.107586","0.30208049520457825","0.5","2.6979195047954216","llm","候选商场与待匹配商场位于同一城市（杭州市），距离仅0.3公里，在合理范围内。虽然名称不完全一致，但候选商场的原名为'银泰百货(杭州城西店)'，明确指向'杭州城西银泰城'，属于同一品牌在该区域的常见命名方式，且地址信息一致（丰潭路380号城西银泰城F4层），因此判断为同一实体。"
"MALL_00651","成都滨江天街","成都市","30.667587","104.132526","3779","MALL_0C46556F","龙湖·滨江天街","成都市","成华区","30.66552","104.125231","0.734606790385856","0.6666666666666666","2.5987265429474773","llm","待匹配商场名为'成都滨江天街'，候选商场名为'龙湖·滨江天街'，两者名称高度相似，'龙湖'为常见开发商前缀，属于品牌方命名差异；两商场位于同一城市（成都市），距离仅0.73公里，在合理范围内。因此判断为同一实体。"
"MALL_00654","常德万达广场","常德市","29.056177","111.681126","24359","MALL_40CF1B0E","常德万达广场","常德市","武陵区","29.056177","111.681126","0.0","1.0","5.0","rule",""
"MALL_00656","保定爱情广场","保定市","38.821117","115.463474","16959","MALL_27F2E661","保定爱情广场","保定市","莲池区","38.821117","115.463474","0.0","1.0","5.0","rule",""
"MALL_00664","万达广场","通辽市","43.630492","122.281044","1917","MALL_B176FD15","万达广场","通辽市","科尔沁区","43.630492","122.281044","0.0","1.0","5.0","rule",""
"MALL_00683","金鹰国际广场(新街口店)","南京市","32.041429","118.779772","13870","MALL_F751306C","金鹰国际广场","南京市","秦淮区","32.041429","118.779772","0.0","0.5714285714285714","3.142857142857143","llm","待匹配商场名称为'金鹰国际广场(新街口店)'，候选商场中new_id为13870的名称为'金鹰国际广场'，且original_name完全一致为'金鹰国际广场(新街口店)'，距离为0km，位于同一城市南京市，符合常见命名差异（括号内标注门店信息在不同数据源中可能省略），因此判定为同一实体。"
"MALL_00690","金鹰国际购物中心(泰州店)","泰州市","32.496531","119.920881","15004","MALL_B3C1A5D8","金鹰国际购物中心","泰州市","海陵区","32.496531","119.920881","0.0","0.5333333333333333","3.0666666666666664","llm","待匹配商场名为'金鹰国际购物中心(泰州店)'，候选商场名为'金鹰国际购物中心'，二者名称高度相似，仅缺少地域标注'(泰州店)'，属于常见的命名差异；且距离为0.0km，位于同一城市泰州市，信息完全吻合。因此判定为同一实体。"
"MALL_00705","万达广场","烟台市","37.547409","121.253595","8442","MALL_4C033EC4","万达广场","烟台市","福山区","37.547409","121.253595","0.0","1.0","5.0","rule",""
"MALL_00715","万达广场","黄冈市","30.460528","114.903946","24075","MALL_D1E4CBB6","万达广场","黄冈市","黄州区","30.460528","114.903946","0.0","1.0","5.0","rule",""
"MALL_00718","民发世纪广场","襄阳市","32.07801","112.247755","23876","MALL_FE8FEC46","民发世纪广场","襄阳市","襄州区","32.07801","112.247755","0.0","1.0","5.0","rule",""
"MALL_00722","王府·星Mall","株洲市","27.838402","113.153913","24616","MALL_C064F6B4","王府·星Mall","株洲市","芦淞区","27.838402","113.153913","0.0","1.0","5.0","rule",""
"MALL_00728","太古里(建设中)","三亚市","18.377132","109.74323","22657","MALL_FF142550","太古里(建设中)","三亚市","海棠区","18.377132","109.74323","0.0","1.0","5.0","rule",""
"MALL_00732","黔南都匀万达广场","黔南布依族苗族自治州","26.294379","107.516163","27934","MALL_E9D5858C","黔南都匀万达广场","黔南布依族苗族自治州","都匀市","26.294379","107.516163","0.0","1.0","5.0","rule",""
"MALL_00751","王府井百货(总府店)","成都市","30.657775","104.079775","3995","MALL_D66224FF","王府井百货","成都市","锦江区","30.658311","104.079598","0.06195853783549518","0.5454545454545454","3.028950553073596","llm","待匹配商场名为'王府井百货(总府店)'，候选商场名为'王府井百货'，原名含'(总府路店)'，地址为总府路15号，位于成都市锦江区，与待匹配商场距离仅0.062km。名称差异为常见括号内分店标注的简化形式，且地址与距离高度吻合，属于同一实体的不同命名方式。"
"MALL_00756","来福士","深圳市","22.511778","113.925738","11335","MALL_2C0531D6","来福士","深圳市","南山区","22.511778","113.925738","0.0","1.0","5.0","rule",""
"MALL_00764","利群商厦","青岛市","36.080001","120.360284","8974","MALL_40B3E116","利群商厦","青岛市","市北区","36.080001","120.360284","0.0","1.0","5.0","rule",""
"MALL_00771","福州远洋德呈乐堤港","福州市","26.040799","119.279307","26786","MALL_5A803294","福州远洋德呈乐堤港","福州市","仓山区","26.040799","119.279307","0.0","1.0","5.0","rule",""
"MALL_00784","会展航洋城","南宁市","22.813863","108.385045","12351","MALL_1F7B557B","航洋国际购物中心","南宁市","青秀区","22.813861","108.385061","0.0016549475500059884","0.5","2.998345052449994","llm","候选商场与待匹配商场位于同一城市（南宁市），距离仅0.0017km，在合理范围内。虽然名称不完全一致，但‘会展航洋城’与‘航洋国际购物中心’均包含核心词‘航洋’，且地理位置极近（民族大道131号为航洋城所在地），属于同一商业体的不同命名方式（前者可能为项目总称，后者为购物中心部分的正式名称），符合常见命名差异特征。"
"MALL_00809","杭州嘉里中心","杭州市","30.260281","120.162495","21758","MALL_5DAE9BE4","杭州嘉里中心","杭州市","拱墅区","30.260281","120.162495","0.0","1.0","5.0","rule",""
"MALL_00812","观沙岭招商花园城","长沙市","28.241951","112.940543","25244","MALL_5785E4EB","观沙岭招商花园城","长沙市","岳麓区","28.241951","112.940543","0.0","1.0","5.0","rule",""
"MALL_00815","德思勤城市广场","长沙市","28.111692","113.011364","25390","MALL_CECD30B3","德思勤四季汇","长沙市","雨花区","28.111713","113.014085","0.2668786384797845","0.6","2.9331213615202154","llm","候选商场'德思勤四季汇'与待匹配商场'德思勤城市广场'位于长沙市同一城市，距离仅0.27km，地址均为湘府中路18号，属于同一建筑群的不同命名。'德思勤四季汇'是德思勤城市广场的商业部分常用名称，为常见品牌方命名差异，可判定为同一实体。"
"MALL_00816","龙湖宁波鄞州天街","宁波市","29.879859","121.590931","21595","MALL_FFC0A823","龙湖宁波鄞州天街","宁波市","鄞州区","29.879859","121.590931","0.0","1.0","5.0","rule",""
"MALL_00820","东莞虎门万达广场","东莞市","22.834076","113.683507","10176","MALL_404A594D","东莞虎门万达广场","东莞市","东城街道","22.834076","113.683507","0.0","1.0","5.0","rule",""
"MALL_00822","吾悦广场(海口店)","海口市","19.976816","110.33962","22807","MALL_2630D30D","新城吾悦广场S5","海口市","龙华区","19.976528","110.338295","0.14212343484501355","0.5333333333333333","2.9245432318216533","llm","候选商场与待匹配商场位于同一城市（海口市），距离仅0.14公里，在合理范围内。名称上，'吾悦广场(海口店)' 与 '新城吾悦广场S5' 存在品牌命名一致性（'吾悦广场'为新城控股旗下品牌），且'新城吾悦广场S5'可能是该商场的细分区域或升级命名，属于常见品牌方命名差异，因此判断为同一实体。"
"MALL_00840","八佰伴(溧阳店)","常州市","31.424167","119.483141","14301","MALL_2497572B","八佰伴","常州市","溧阳市","31.424167","119.483141","0.0","0.6666666666666666","3.333333333333333","llm","待匹配商场为'八佰伴(溧阳店)'，候选商场名称为'八佰伴'，两者属于同一品牌且位置完全一致（距离0.0km），仅为命名详略差异，符合常见别名关系。"
"MALL_00846","正大广场","合肥市","31.781349","117.228912","5513","MALL_3D658DF9","正大广场","合肥市","蜀山区","31.781349","117.228912","0.0","1.0","5.0","rule",""
"MALL_00853","金安国际购物广场","哈尔滨市","45.771742","126.620126","31214","MALL_804CA536","金安国际购物广场","哈尔滨市","道里区","45.771742","126.620126","0.0","1.0","5.0","rule",""
"MALL_00868","龙华天虹购物中心","深圳市","22.623052","114.024815","11477","MALL_F85C12E5","天虹购物中心","深圳市","龙华区","22.627061","114.020998","0.593466216964874","0.6666666666666666","2.739867116368459","llm","待匹配商场名为'龙华天虹购物中心'，候选商场名为'天虹购物中心'，且其别名为'天虹购物中心(龙华店)'，名称高度相关，属于同一品牌在龙华区的分店；两者位于同一城市（深圳市），距离仅0.59km，在合理范围内。因此判断为同一实体。"
"MALL_00876","日照万象汇","日照市","35.420553","119.532508","7163","MALL_39A072F3","日照万象汇","日照市","东港区","35.420553","119.532508","0.0","1.0","5.0","rule",""
"MALL_00877","成都来福士广场","成都市","30.636535","104.07273","3826","MALL_3BC1FACE","成都来福士广场","成都市","武侯区","30.631597","104.067784","0.7248604603143919","1.0","4.275139539685608","rule",""
"MALL_00880","龙湖成都时代天街","成都市","30.752055","103.922284","3910","MALL_883EE10F","龙湖成都时代天街","成都市","郫都区","30.752055","103.922284","0.0","1.0","5.0","rule",""
"MALL_00881","长沙星沙永旺梦乐城","长沙市","28.243761","113.134401","25372","MALL_97B1FC51","长沙星沙永旺梦乐城","长沙市","长沙县","28.243761","113.134401","0.0","1.0","5.0","rule",""
"MALL_00882","自贡华商爱琴海购物中心B馆","自贡市","29.320691","104.770594","4384","MALL_B6B2A4AA","自贡华商爱琴海购物公园","自贡市","自流井区","29.320569","104.767709","0.2800297619809248","0.75","3.219970238019075","llm","候选商场与待匹配商场位于同一城市（自贡市），距离仅0.28公里，符合地理相近要求。名称上，'自贡华商爱琴海购物中心B馆'与'自贡华商爱琴海购物公园'虽有差异，但核心命名一致，均包含'自贡华商爱琴海'，且'购物公园'与'购物中心'为常见命名变体，可能属于同一商业体的不同阶段或品牌宣传差异，因此判断为同一实体。"
"MALL_00885","新田360广场(郑州国贸店)","郑州市","34.783894","113.686255","20808","MALL_4576FE81","新田360广场","郑州市","金水区","34.784926","113.680266","0.5588531707238514","0.5882352941176471","2.6176174175114424","llm","候选商场与待匹配商场位于同一城市（郑州市），距离仅0.56km，在合理范围内。虽然候选名称为'新田360广场'，但其original_name明确标注为'新田360广场(郑州国贸店)'，与待匹配商场完全一致，属于同一实体的不同命名形式，因此判定为匹配。"
"MALL_00887","济宁龙贵购物广场","济宁市","35.422667","116.599596","7713","MALL_1B298CE7","贵和购物广场","济宁市","任城区","35.430857","116.604164","1.0003303157410732","0.6","2.199669684258927","llm","候选商场'贵和购物广场(济宁高新店)'与待匹配商场'济宁龙贵购物广场'名称相似度较高，且位于同一城市济宁市，距离仅约1km，在合理范围内。'龙贵'与'贵和'可能存在品牌命名演变或别名关系，结合地址相近（金宇路59号，任城区），判断为同一实体的可能较大。"
"MALL_00890","万达百货(东莞东城万达广场店)","东莞市","23.035791","113.780303","10172","MALL_B6C82ECF","东莞东城万达广场","东莞市","东城街道","23.034679","113.780656","0.12881699188626364","0.631578947368421","3.134340902850578","llm","候选商场与待匹配商场位于同一城市（东莞市），距离仅0.13km，在合理范围内。名称上，'万达百货(东莞东城万达广场店)' 与 '东莞东城万达广场' 不完全一致，但前者为后者的品牌门店命名形式，属于常见命名差异，且原始名称相同，可判断为同一实体。"
"MALL_00891","揭阳榕城万达广场","揭阳市","23.561315","116.396778","10831","MALL_1176C358","揭阳榕城万达广场","揭阳市","榕城区","23.561688","116.396917","0.043828684911852656","1.0","4.956171315088147","rule",""
