省份,城市,城市分级,区/县,商业项目
四川,成都,新一线,高新区,仁和新城
四川,成都,新一线,高新区,成都IN99购物中心
四川,成都,新一线,高新区,成都银泰城
广东,深圳,一线,南山区,深圳欢乐海岸
广东,深圳,一线,罗湖区,深圳罗湖万象城
广东,深圳,一线,南山区,深圳万象天地
广东,深圳,一线,南山区,深圳湾万象城
广东,深圳,一线,龙岗区,深圳大运天地
广东,深圳,一线,福田区,深圳卓悦中心
广东,深圳,一线,南山区,深圳益田假日广场
广东,深圳,一线,福田区,深圳上梅林卓悦汇
广东,深圳,一线,龙岗区,深圳布吉万象汇
广东,深圳,一线,宝安区,深圳海雅缤纷城
广东,深圳,一线,南山区,深圳万象前海
广东,深圳,一线,宝安区,深圳宝安大仟里
广东,深圳,一线,罗湖区,深圳罗湖KKMALL
山东,青岛,新一线,崂山区,青岛金狮广场
山东,青岛,新一线,北区,青岛凯德MALL
山东,济南,二线,历下区,济南恒隆广场
福建,福州,二线,鼓楼区,福州东百中心
福建,福州,二线,仓山区,福州仓山万达广场
福建,福州,二线,仓山区,福州中骏世界城
福建,泉州,二线,丰泽区,中骏世界城
福建,厦门,二线,思明区,厦门万象城
福建,厦门,二线,思明区,宝龙一城
福建,厦门,二线,思明区,中华城
广东,广州,一线,天河区,太古汇
广东,广州,一线,天河区,正佳广场
广东,广州,一线,天河区,广州天河城购物中心
广东,广州,一线,天河区,天汇广场IGC
广东,广州,一线,天河区,美林M·LIVE天地
广东,广州,一线,天河区,K11
广东,广州,一线,天河区,天河领展广场
广东,广州,一线,天河区,PO PARK东方宝泰
广东,广州,一线,海珠区,凯德乐峰广场
广东,广州,一线,白云区,百信广场
上海,上海,一线,浦东新区,国金中心
上海,上海,一线,长宁区,宜家荟聚
湖北,武汉,新一线,硚口区,武汉荟聚
湖南,长沙,新一线,岳麓区,长沙荟聚
浙江,宁波,新一线,鄞州区,宁波阪急
浙江,台州,二线,温岭,温岭银泰城
浙江,绍兴,二线,越城区,金帝银泰城
浙江,金华,二线,婺城区,永盛购物广场
浙江,金华,二线,义乌,义乌之心
广东,东莞,新一线,大岭山区,东莞松山湖万象汇
广东,东莞,新一线,东莞东城区,东莞星河城购物中心
广东,东莞,新一线,长安区,东莞长安万科广场
广东,东莞,新一线,东莞南城区,东莞海德汇一城
广东,佛山,新一线,禅城区,佛山王府井购物中心
广东,佛山,新一线,禅城区,佛山岭南站NOVA
广东,佛山,新一线,顺德区,顺德万象汇
广东,佛山,新一线,南海区,佛山中海环宇城
海南,海口,省会,龙华区,海口万象城
海南,海口,省会,龙华区,海口龙湖天街
海南,海口,省会,龙华区,友谊阳光城
广东,惠州,二线,惠城区,惠州华贸天地
广东,惠州,二线,惠阳区,惠州大亚湾万达广场
广东,珠海,二线,香洲区,珠海万象汇
广东,珠海,二线,香洲区,珠海中海富华里
广东,珠海,二线,香洲区,珠海中海环宇城
新疆,乌鲁木齐,省会,新区,北京路汇嘉时代广场
新疆,乌鲁木齐,省会,沙依巴克区,美美
新疆,乌鲁木齐,省会,会展新区,会展吾悦广场
江苏,南京,新一线,建邺区,建邺吾悦广场
江苏,南京,新一线,秦淮区,南京万象天地
江苏,苏州,新一线,吴中区,苏州中心
江苏,苏州,新一线,虎丘区,龙湖苏州狮山天街
江苏,无锡,二线,梁溪区,无锡恒隆
江苏,无锡,二线,锡山区,锡东八佰伴
江苏,无锡,二线,锡山区,无锡荟聚
江苏,南通,二线,崇川区,万象城
江苏,徐州,二线,鼓楼区,徐州金鹰彭城广场店
甘肃,兰州,省会,城关区,兰州国芳百货
甘肃,兰州,省会,七里河区,兰州万达茂
陕西,西安,新一线,未央区,大融城
陕西,西安,新一线,雁塔区,西安大悦城
陕西,西安,新一线,雁塔区,西安大都荟
陕西,西安,新一线,莲湖区,西安老城根Gpark
陕西,西安,新一线,未央区,西安CityOn熙地港
陕西,西安,新一线,雁塔区,西安曲江创意谷
陕西,西安,新一线,碑林区,西安王府井百货(南门店)
陕西,西安,新一线,雁塔区,曲江金地广场
陕西,西安,新一线,新城区,朝阳门益田假日世界购物中心
陕西,西安,新一线,灞桥区,龙湖西安香醍天街
黑龙江,哈尔滨,二线,南岗区,哈尔滨远大
黑龙江,哈尔滨,二线,道里区,哈尔滨卓展
黑龙江,哈尔滨,二线,道里区,哈尔滨王府井
黑龙江,哈尔滨,二线,松北区,哈尔滨松北万象汇
黑龙江,哈尔滨,二线,南岗区,哈尔滨红博中央公园
吉林,长春,二线,朝阳区,长春欧亚卖场
吉林,长春,二线,朝阳区,长春欧亚商都
吉林,长春,二线,朝阳区,长春卓展
吉林,长春,二线,南关区,长春摩天活力城
辽宁,沈阳,二线,和平区,沈阳万象城
辽宁,沈阳,二线,和平区,沈阳中兴
辽宁,沈阳,二线,铁西区,沈阳铁西万象汇
辽宁,沈阳,二线,和平区,沈阳长白万象汇
辽宁,沈阳,二线,皇姑区,沈阳皇姑万象汇
辽宁,沈阳,二线,沈河区,沈阳皇城恒隆
辽宁,沈阳,二线,皇姑区,沈阳三台子万象汇
辽宁,大连,二线,中山区,大连柏威年
辽宁,大连,二线,西岗区,大连恒隆
辽宁,大连,二线,沙河口区,大连罗斯福
辽宁,大连,二线,甘井子区,大连高新万达
内蒙古,呼和浩特,三线,赛罕区,摩尔城
内蒙古,呼和浩特,三线,回民区,振华广场
北京,北京,一线,大兴区,大兴西红门荟聚
北京,北京,一线,海淀区,北京世纪金源购物中心
北京,北京,一线,东城区,北京apm
北京,北京,一线,朝阳区,朝阳大悦城
北京,北京,一线,通州区,万达广场
北京,北京,一线,朝阳区,龙湖北京长楹天街
北京,北京,一线,西城区,金融街购物中心
北京,北京,一线,朝阳区,侨福芳草地
北京,北京,一线,朝阳区,华贸中心
北京,北京,一线,丰台区,龙湖北京丽泽天街
北京,北京,一线,朝阳区,北京国贸商城
天津,天津,新一线,和平区,天津海信广场
天津,天津,新一线,和平区,天津恒隆广场
广东,深圳,一线,罗湖区,深圳笋岗万象食家
福建,福州,二线,台江区,福州金融街万达广场
海南,海口,省会,龙华区,友谊南海城
青海,西宁,省会,城东区,西宁城东吾悦
陕西,西安,新一线,未央区,西安龙首印象城
陕西,西安,新一线,雁塔区,西安万象天地
陕西,西安,新一线,未央区,大明宫万达广场
北京,北京,一线,海淀区,北京西三旗万象汇
天津,天津,新一线,西青区,西青大悦城
广东,深圳,一线,光明区,深圳光明大仟里
广东,深圳,一线,福田区,深圳中洲湾C future city
福建,厦门,二线,思明区,磐基中心
广东,广州,一线,越秀区,北京路天河城
广东,广州,一线,越秀区,保利时光里
广东,广州,一线,南沙区,中国铁建·南沙环宇城
广东,广州,一线,荔湾区,领展购物广场
广东,广州,一线,白云区,凯德广场云尚
云南,昆明,二线,官渡区,世纪金源购物中心
云南,昆明,二线,盘龙区,瑞鼎城悦容汇
重庆,重庆,新一线,巴南区,万达广场(巴南店)
上海,上海,一线,奉贤区,奉贤龙湖
广东,佛山,新一线,南海区,佛山金铂天地
广东,惠州,二线,惠城区,惠州港惠购物中心
新疆,乌鲁木齐,省会,经开区,经开万达
甘肃,兰州,省会,安宁区,兰州安宁吾悦
山西,太原,二线,万柏林区,太原吾悦广场
天津,天津,新一线,南开区,天津鲁能城购物中心
天津,天津,新一线,滨海新区,天津K11 Select